date,season,neutral,playoff,team1,team2,elo1_pre,elo2_pre,elo_prob1,elo_prob2,elo1_post,elo2_post,qbelo1_pre,qbelo2_pre,qb1,qb2,qb1_value_pre,qb2_value_pre,qb1_adj,qb2_adj,qbelo_prob1,qbelo_prob2,qb1_game_value,qb2_game_value,qb1_value_post,qb2_value_post,qbelo1_post,qbelo2_post,score1,score2,quality,importance,total_rating
2021-09-09,2021,0,,TB,DAL,1656.23592987083,1452.42423600283,0.8245385444949991,0.17546145550500092,1659.6714372909,1448.98872858276,1634.45174390917,1505.6288242255,Tom Brady,Dak Prescott,213.41055017436858,231.49179884034237,8.527869371689466,17.881196355442853,0.7360902778954788,0.263909722104521,317.12856624852475,397.4017251873075,223.78235178178423,248.0827914750389,1639.81595573489,1500.26461239978,31,29,85,48,67
2021-09-12,2021,0,,HOU,JAX,1432.77554209903,1339.02356327475,0.7137873146504335,0.28621268534956645,1447.90204573003,1323.89705964375,1357.11260058243,1385.36378192742,Tyrod Taylor,Trevor Lawrence,120.46864185927187,112.90158,-101.64484954214346,-6.469035658326765,0.40736132283847715,0.592638677161523,287.4284573707193,82.47906905989937,137.1646234104166,109.85932890598994,1391.71843357762,1350.75794893223,37,21,0,17,9
2021-09-12,2021,0,,ATL,PHI,1484.49361709345,1426.46597194264,0.670004200101875,0.329995799898125,1437.71308115209,1473.246507884,1462.27378351577,1432.00054262358,Matt Ryan,Jalen Hurts,178.59651696121685,119.52962326488215,0.9956722169156194,-7.458144688717802,0.635254977215658,0.364745022784342,17.562048959146228,382.3698670223619,162.4930701610098,145.8136476406301,1418.48126849106,1475.79305764829,6,32,21,57,39
2021-09-12,2021,0,,BUF,PIT,1634.00386072407,1526.42032423259,0.7297729044914865,0.27022709550851354,1601.06988523366,1559.354299723,1606.41473130055,1502.0654325584,Josh Allen,Ben Roethlisberger,244.60259409025804,218.98733847377505,10.202572355561548,9.106081842419744,0.7165850088323535,0.283414991167646,217.56490985570812,83.0338041429864,241.89882566680305,205.39198504069617,1574.25745401774,1534.22270984121,16,23,78,58,68
2021-09-12,2021,0,,WSH,LAC,1463.23379626925,1496.9453348771,0.5449063844382106,0.4550936155617894,1445.44088511343,1514.73824603292,1489.48797605695,1517.60210067526,Ryan Fitzpatrick,Justin Herbert,190.4666912543703,191.69135528399636,24.823213135492193,5.549695242539244,0.5790764978717644,0.420923502128236,-1.92819238379691,180.05233051947272,171.22720289055354,190.52745280754397,1470.36659767759,1536.72347905462,16,20,58,67,63
2021-09-12,2021,0,,IND,SEA,1561.49008374858,1565.75113437891,0.5865306405282676,0.41346935947173236,1530.54737055287,1596.69384757462,1527.52173127951,1553.10296204501,Carson Wentz,Russell Wilson,102.46922322975294,187.03065281486022,-21.756851343545005,-0.3268685144871426,0.5222451058321588,0.477754894167841,216.6669724011758,246.65231764255597,113.88899814689525,192.99281929762984,1500.54139376389,1580.08329956063,16,28,63,73,68
2021-09-12,2021,0,,CIN,MIN,1412.11982567755,1494.5227209927,0.4749761449039141,0.525023855096086,1426.79264585186,1479.84990081839,1426.33862379998,1502.49676333132,Joe Burrow,Kirk Cousins,154.38751036221348,200.02342867698542,4.532814540039714,8.142599752013114,0.46788419409925996,0.53211580590074,154.35988068312042,283.2565827022136,154.38474739430418,208.34674407950826,1441.24340610999,1487.59198102131,27,24,33,57,45
2021-09-12,2021,0,,DET,SF,1390.64524910337,1490.66595095681,0.44977115486500696,0.550228845134993,1371.18998305936,1510.12121700082,1369.55763405883,1548.0578439056,Jared Goff,Jimmy Garoppolo,160.6390937928922,127.74856882720877,-1.519107942510196,-4.082609061149185,0.3434266762783252,0.656573323721675,269.3849195966204,175.21692354269464,171.51367637326499,132.49540429875736,1355.20060942193,1562.4148685425,33,41,23,45,34
2021-09-12,2021,0,,CAR,NYJ,1436.53931839259,1381.74750021599,0.6658728521688951,0.33412714783110486,1447.89452749365,1370.39229111493,1458.5374833288,1392.50273416531,Sam Darnold,Zach Wilson,104.47161660834459,112.44816,-17.899887158874932,-2.0904255335861732,0.6497690208684391,0.350230979131561,226.64375553273365,-8.498819378058899,116.6888305007835,100.35346206219411,1470.50409640853,1380.53612108558,19,14,12,36,24
2021-09-12,2021,0,,TEN,ARI,1553.39721722001,1486.43695568349,0.6812721657113258,0.31872783428867424,1506.17151864956,1533.66265425394,1534.79305468692,1483.21904046726,Ryan Tannehill,Kyler Murray,207.78041052066803,217.21686486028685,6.311824854617033,5.662860138279655,0.6571708202413542,0.342829179758646,33.68456477355486,302.0173112232985,190.3708259459567,225.696909496588,1489.65105304156,1528.36104211262,13,38,56,59,58
2021-09-12,2021,0,,NE,MIA,1500.99746243259,1532.21301019351,0.5484670709067537,0.45153292909324627,1493.275511685,1539.9349609411,1520.03796884731,1528.45021111073,Mac Jones,Tua Tagovailoa,106.55369999999999,128.2789391500762,-15.1549713355976,-12.355888602365233,0.5696251657913961,0.430374834208604,257.01575906994634,109.79415967203387,121.59990590699464,126.43046120227199,1511.96253792523,1536.52564203281,16,17,54,90,72
2021-09-12,2021,0,,KC,CLE,1643.35778701558,1531.69726243689,0.7343760667074564,0.26562393329254363,1651.27235027267,1523.7826991798,1640.21004844659,1562.48323308307,Patrick Mahomes,Baker Mayfield,232.16244186572052,173.37698787347563,2.0822003296723293,3.9617113469478564,0.6833523331756626,0.316647666824337,391.53494707581206,159.61766656161214,248.09969238672969,172.00105574228928,1649.81890453906,1552.8743769906,33,29,90,60,75
2021-09-12,2021,1,,NO,GB,1614.95936469189,1629.33743079564,0.4793201035956061,0.5206798964043939,1652.52218129382,1591.77461419371,1552.72492605052,1584.66477716081,Jameis Winston,Aaron Rodgers,149.4754866924155,268.837927013728,-15.689334234760217,17.06913198329195,0.4079531447664966,0.592046855233503,371.447665874802,-67.64054829750239,171.67270461065414,235.19007948260497,1596.44281844839,1540.94688476294,38,3,80,74,77
2021-09-12,2021,0,,NYG,DEN,1425.40108592539,1449.69551781791,0.5583134525659972,0.4416865474340028,1394.59222690765,1480.50437683565,1446.61525996127,1491.91914310986,Daniel Jones,Teddy Bridgewater,120.818936231333,160.13867808188877,-3.746332185520984,12.5449040643386,0.49986940853109274,0.500130591468907,226.62210429924053,290.4182998238765,131.39925303812376,173.16664025608753,1419.54294757744,1518.99145549369,13,27,34,60,47
2021-09-12,2021,0,,LAR,CHI,1571.73427292628,1496.16718002393,0.6919324443658756,0.30806755563412436,1589.36607587075,1478.53537707946,1569.71096830765,1467.24760314562,Matthew Stafford,Andy Dalton,161.92700444568447,121.87840151254483,0.6598179825329438,-11.19521455817951,0.7340040532347638,0.265995946765236,312.73235739556037,100.78161336732258,177.00753974067206,119.7687226980226,1584.70575312514,1452.25281832813,34,14,54,54,54
2021-09-13,2021,0,,OAK,BAL,1473.13101372901,1605.83975771845,0.4037743882873374,0.5962256117126625,1497.07186350283,1581.89890794463,1456.19125945714,1591.69992147818,Derek Carr,Lamar Jackson,184.3714181414348,207.05646292688212,1.3024904665225285,0.8426719396273135,0.3983613481927848,0.601638651807215,250.70870338095511,221.1194832225413,191.00514666538683,208.46276495644804,1480.39389809097,1567.49728284435,33,27,60,65,63
2021-09-16,2021,0,,WSH,NYG,1445.44088511343,1394.59222690765,0.6608038474731297,0.3391961525268703,1449.90791522859,1390.12519679249,1470.36659767759,1419.54294757744,Taylor Heinicke,Daniel Jones,31.082280503134772,131.39925303812373,-126.18261409060952,1.7311428271503166,0.46938859852664294,0.530611401473357,282.4636758483078,337.9960050091251,56.220420037652076,152.05892823522385,1477.79433961535,1412.11520563968,30,29,4,48,26
2021-09-19,2021,0,,CHI,CIN,1478.53537707946,1426.79264585186,0.6619564828186961,0.3380435171813039,1487.43564204028,1417.89238089104,1452.25281832813,1441.24340610999,Andy Dalton,Joe Burrow,119.76872269802253,154.3847473943042,-11.690293237531588,4.304792329083162,0.5729005583910423,0.427099441608958,86.24004458272798,-39.537969458592656,116.41585488649308,134.9924757090145,1463.8261330796,1429.67009135852,20,17,20,49,35
2021-09-19,2021,0,,PHI,SF,1473.246507884,1510.12121700082,0.5403873651786116,0.45961263482138837,1451.94325720754,1531.42446767728,1475.79305764829,1562.4148685425,Jalen Hurts,Jimmy Garoppolo,145.8136476406302,132.49540429875748,6.0567747335921,-1.5050608723174115,0.47989137218387096,0.520108627816129,218.26196463241433,249.63023752681408,153.0584793398086,144.20888762156315,1457.23448288989,1580.9734433009,11,17,59,79,69
2021-09-19,2021,0,,IND,LAR,1530.54737055287,1589.36607587075,0.5088946596731859,0.4911053403268141,1516.39805958312,1603.5153868405,1500.54139376389,1584.70575312514,Carson Wentz,Matthew Stafford,113.88899814689529,177.0075397406722,-14.959121317796697,8.167094730900281,0.4355568601734838,0.564443139826516,169.95882371458154,163.00599277605323,119.49598070366392,175.6073850442103,1488.70741415887,1596.53973273016,24,27,68,64,66
2021-09-19,2021,0,,MIA,BUF,1539.9349609411,1601.06988523366,0.5055620616221473,0.49443793837785266,1503.63736697121,1637.36747920355,1536.52564203281,1574.25745401774,Tua Tagovailoa,Josh Allen,126.43046120227216,241.89882566680313,-12.662333146149045,8.340559526055921,0.5013377137816455,0.498662286218355,-37.31159504853792,123.68126213207391,110.05625557719117,230.0770693133302,1500.5793902342,1610.20370581635,0,35,74,91,83
2021-09-19,2021,0,,CAR,NO,1447.89452749365,1652.52218129382,0.3092214975115223,0.6907785024884777,1492.08704839132,1608.32966039615,1470.50409640853,1596.44281844839,Sam Darnold,Jameis Winston,116.68883050078352,171.67270461065405,-10.896285854711742,-3.8062585639029543,0.3931200894490876,0.606879910550912,250.1977701329977,-87.30758739353111,130.03972446400496,145.77467541023555,1508.15605718623,1558.79085767069,26,7,60,77,69
2021-09-19,2021,0,,CLE,HOU,1523.7826991798,1447.90204573003,0.6923170682249868,0.30768293177501316,1537.65048165202,1434.03426325781,1552.8743769906,1391.71843357762,Baker Mayfield,Tyrod Taylor,172.0010557422894,137.16462341041645,3.075659714007542,-88.21461628946405,0.857614773976988,0.142385226023012,158.5114066225295,200.65449073764566,170.6520908303134,143.5136101431394,1558.85491319013,1385.73789737809,31,21,13,16,15
2021-09-19,2021,0,,JAX,DEN,1323.89705964375,1480.50437683565,0.3711388794838474,0.6288611205161526,1306.80953555027,1497.59190092913,1350.75794893223,1518.99145549369,Trevor Lawrence,Teddy Bridgewater,109.85932890599005,173.16664025608762,-7.666709422415349,18.43163994822117,0.31686573170958365,0.683134268290416,-60.29270990009652,223.52332551780825,92.84412502538139,178.20230878225965,1336.43081797086,1533.31858645506,13,23,18,45,32
2021-09-19,2021,0,,NYJ,NE,1370.39229111493,1493.275511685,0.41746158539733863,0.5825384146026613,1346.02143887163,1517.6463639283,1380.53612108558,1511.96253792523,Zach Wilson,Mac Jones,100.35346206219411,121.59990590699456,-8.033253225809792,-6.874119815320555,0.3910997968067108,0.608900203193289,-132.33925729594284,51.267858771722004,77.08419012638042,114.56670119346734,1357.89496195108,1534.60369705973,6,25,18,52,35
2021-09-19,2021,0,,PIT,OAK,1559.354299723,1497.07186350283,0.6753967438565561,0.3246032561434439,1526.34113185912,1530.08503136671,1534.22270984121,1480.39389809097,Ben Roethlisberger,Derek Carr,205.39198504069608,191.005146665387,1.8531010337591516,4.554230205172574,0.6581682888275129,0.341831711172487,135.77980007703934,378.25295537854765,198.4307665443304,209.72992753670306,1502.25942340542,1512.35718452676,17,26,53,78,66
2021-09-19,2021,0,,TB,ATL,1659.6714372909,1437.71308115209,0.8391429624058464,0.1608570375941536,1668.71595636011,1428.66856208288,1639.81595573489,1418.48126849106,Tom Brady,Matt Ryan,223.7823517817841,162.49307016100983,13.287376706812584,-7.105834794033676,0.8478284019962586,0.152171598003741,267.847664686869,176.1979299435666,228.18888307229255,163.86355613926548,1648.33296929024,1409.96425493571,48,25,60,19,40
2021-09-19,2021,0,,ARI,MIN,1533.66265425394,1479.84990081839,0.664617761154424,0.33538223884557605,1538.0738112689,1475.43874380343,1528.36104211262,1487.59198102131,Kyler Murray,Kirk Cousins,225.69690949658786,208.3467440795083,9.619739449516043,11.897127465673904,0.6382435763966146,0.361756423603385,383.2181776645893,331.27662755050045,241.449036313388,220.63973242660754,1533.16087018271,1482.79215295122,34,33,58,73,66
2021-09-19,2021,0,,SEA,TEN,1596.69384757462,1506.17151864956,0.709974147229171,0.29002585277082904,1575.51178258371,1527.35358364047,1580.08329956063,1489.65105304156,Russell Wilson,Ryan Tannehill,192.99281929762986,190.37082594595657,2.6705581526220086,-2.7085586754695736,0.7137293701262535,0.286270629873747,242.33273667775853,220.31991479674207,197.92681103564271,193.36573483103513,1558.75602094047,1510.97833166172,30,33,66,52,59
2021-09-19,2021,0,,LAC,DAL,1514.73824603292,1448.98872858276,0.6797568749915748,0.3202431250084252,1494.70050881844,1469.02646579724,1536.72347905462,1500.26461239978,Justin Herbert,Dak Prescott,190.5274528075439,248.08279147503885,4.690259242185994,25.282632855018974,0.6073582522894637,0.392641747710536,179.79842895172357,145.97450825101782,189.4545504219619,237.87196315263674,1519.28319915472,1517.70489229968,17,20,66,66,66
2021-09-19,2021,0,,BAL,KC,1581.89890794463,1651.27235027267,0.4937064429622517,0.5062935570377483,1588.93160747921,1644.23965073809,1567.49728284435,1649.81890453906,Lamar Jackson,Patrick Mahomes,208.46276495644807,248.09969238672946,1.5036893574288313,9.946715573693249,0.45416561566813196,0.545834384331868,348.9430742491551,366.1795592275326,222.51079588571878,259.90767907080976,1575.17562501081,1642.1405623726,36,35,93,81,87
2021-09-20,2021,0,,GB,DET,1591.77461419371,1371.18998305936,0.838072687009403,0.16192731299059704,1600.21469858767,1362.7498986654,1540.94688476294,1355.20060942193,Aaron Rodgers,Jared Goff,235.19007948260483,171.51367637326493,-0.6082483814342353,3.994138744801589,0.7967491202755974,0.203250879724403,245.29236838118496,292.1215735966866,236.20030837246284,183.5744660956071,1551.75066867924,1344.39682550563,35,17,21,33,27
2021-09-23,2021,0,,HOU,CAR,1434.03426325781,1492.08704839132,0.5099965136095819,0.49000348639041813,1405.66446476028,1520.45684688885,1385.73789737809,1508.15605718623,Davis Mills,Sam Darnold,82.97586,130.03972446400485,-141.1671422517688,-3.676024580365501,0.23900937295504734,0.760990627044953,64.20408299177036,210.28212730702816,81.09868229917704,138.06396474830717,1373.59486077813,1520.29909378619,9,24,2,24,13
2021-09-26,2021,0,,DET,BAL,1362.7498986654,1588.93160747921,0.2833638478287741,0.7166361521712259,1356.94877451389,1594.73273163072,1344.39682550563,1575.17562501081,Jared Goff,Lamar Jackson,183.57446609560705,222.5107958857189,9.824826668732463,8.452520354192954,0.269961599778496,0.730038400221504,139.27687228178064,67.00404097775058,179.1447067142244,206.96012039492203,1338.89717884181,1580.67527167463,17,19,28,25,27
2021-09-26,2021,0,,PIT,CIN,1526.34113185912,1417.89238089104,0.7307539710741509,0.26924602892584915,1483.37532414622,1460.85818860394,1502.25942340542,1429.67009135852,Ben Roethlisberger,Joe Burrow,198.43076654433054,134.99247570901454,-1.7201632661116235,-5.60658313001589,0.6819502681978696,0.31804973180213,67.37433336921639,231.59659862524512,185.3251232268191,144.6528880006376,1462.95719110874,1468.9723236552,10,24,29,57,43
2021-09-26,2021,0,,KC,LAC,1644.23965073809,1494.70050881844,0.7746901496735364,0.22530985032646356,1610.83229021851,1528.10786933802,1642.1405623726,1519.28319915472,Patrick Mahomes,Justin Herbert,259.90767907080965,189.45455042196176,15.353373137048438,3.919295087285491,0.7542015966885453,0.245798403311455,227.08207385409182,341.0322115523235,256.6251185491379,204.61231653499792,1609.93749246701,1551.48626906031,24,30,86,56,71
2021-09-26,2021,0,,BUF,WSH,1637.36747920355,1449.90791522859,0.8105018054145118,0.18949819458548822,1648.02759449283,1439.24779993931,1610.20370581635,1477.79433961535,Josh Allen,Taylor Heinicke,230.0770693133302,56.22042003765198,2.012653373016651,-107.3044136188203,0.8474414049614395,0.152558595038561,508.5024957742917,165.82027571951392,257.9196119594264,67.18040560583816,1618.62978756105,1469.36825787065,43,21,38,19,29
2021-09-26,2021,0,,JAX,ARI,1306.80953555027,1538.0738112689,0.2774603801437347,0.7225396198562652,1293.57620376766,1551.30714305151,1336.43081797086,1533.16087018271,Trevor Lawrence,Kyler Murray,92.8441250253815,241.44903631338798,-15.790975891598817,17.01481588544033,0.27624834405886617,0.723751655941134,74.43908718860196,272.04345025754293,91.00362124170356,244.50847770780345,1323.26114685419,1546.33054129938,19,31,15,28,22
2021-09-26,2021,0,,TEN,IND,1527.35358364047,1516.39805958312,0.6076000239690891,0.3923999760309109,1544.82119683984,1498.93044638375,1510.97833166172,1488.70741415887,Ryan Tannehill,Carson Wentz,193.36573483103513,119.49598070366385,-1.075676299156818,-11.407673973522737,0.6248198482204474,0.375180151779553,207.62198415287568,-9.397609140504386,194.7913597632192,106.60662171924703,1527.58709093981,1472.09865488078,25,16,45,97,71
2021-09-26,2021,0,,CLE,CHI,1537.65048165202,1487.43564204028,0.6599855738586851,0.34001442614131494,1557.32381278325,1467.76231090905,1558.85491319013,1463.8261330796,Baker Mayfield,Justin Fields,170.65209083031348,108.36738,2.247394272319333,-20.830687367912738,0.7317545781200123,0.268245421879988,111.56522002996195,-293.85194278361166,164.74340375027833,68.14544772163883,1573.98921879968,1448.69182747005,26,6,49,46,48
2021-09-26,2021,0,,NYG,ATL,1390.12519679249,1428.66856208288,0.5380007363850455,0.46199926361495447,1375.02708301306,1443.76667586231,1412.11520563968,1409.96425493571,Daniel Jones,Matt Ryan,152.05892823522387,163.8635561392655,11.974423284343072,-6.065300065204031,0.6106524477397304,0.38934755226027,142.88157246815067,192.7367830715174,151.14119265851656,166.7508788324907,1394.56047211079,1427.5189884646,14,17,11,19,15
2021-09-26,2021,0,,NE,NO,1517.6463639283,1608.32966039615,0.46310594370030445,0.5368940562996956,1492.26265276656,1633.71337155789,1534.60369705973,1558.79085767069,Mac Jones,Jameis Winston,114.56670119346738,145.7746754102354,-10.047016181318149,-16.56496023591717,0.5611371626410475,0.438862837358952,70.01417264197289,92.04399658447917,110.11144833831793,140.40160752765976,1502.87181509751,1590.52273963291,13,28,66,72,69
2021-09-26,2021,0,,DEN,NYJ,1497.59190092913,1346.02143887163,0.7767245884652014,0.22327541153479857,1510.99051319521,1332.62282660555,1533.31858645506,1357.89496195108,Teddy Bridgewater,Zach Wilson,178.20230878225973,77.08419012638058,20.027892213896163,-19.266226532425943,0.8306248723436815,0.169375127656318,148.00075684876086,-152.02178338946675,175.18215358890987,54.17359277479584,1543.23782696814,1347.975721438,26,0,19,17,18
2021-09-26,2021,0,,OAK,MIA,1530.08503136671,1503.63736697121,0.6286465970380183,0.3713534029619817,1539.97023450984,1493.75216382808,1512.35718452676,1500.5793902342,Derek Carr,Jacoby Brissett,209.72992753670297,125.48108316434327,13.688909130571956,-4.791491714229979,0.6320035521981399,0.36799644780186,184.12349004109532,189.34710108881225,207.16928378714218,131.86768495679019,1522.14234031822,1490.79423444274,31,28,54,88,71
2021-09-26,2021,0,,MIN,SEA,1475.43874380343,1575.51178258371,0.4496965972008547,0.5503034027991454,1504.95494421393,1545.99558217321,1482.79215295122,1558.75602094047,Kirk Cousins,Russell Wilson,220.63973242660765,197.92681103564257,17.44876526593989,5.00402611399714,0.495760215573426,0.504239784426574,378.5602100725302,212.553559796985,236.4317801911999,199.3894859117768,1509.44219587577,1532.10597801592,30,17,65,74,70
2021-09-26,2021,0,,LAR,TB,1603.5153868405,1668.71595636011,0.49971135729083727,0.5002886427091627,1627.51036984197,1644.72097335864,1596.53973273016,1648.33296929024,Matthew Stafford,Tom Brady,175.60738504421045,228.18888307229255,7.058662646124535,14.826273516726213,0.5058360976181749,0.494163902381825,368.32432446201483,434.33717354447634,194.87907898599087,248.80371211951092,1620.19519153567,1624.67751048473,34,24,96,88,92
2021-09-26,2021,0,,SF,GB,1531.42446767728,1600.21469858767,0.49454563562676934,0.5054543643732307,1520.57687800228,1611.06228826267,1580.9734433009,1551.75066867924,Jimmy Garoppolo,Aaron Rodgers,144.20888762156315,236.2003083724627,4.426933832701374,-0.07272151743351855,0.6348254454804648,0.365174554519535,99.94178593247705,246.25515741641857,139.78217745265454,237.20579327685834,1566.38804075167,1566.33607122847,28,30,80,68,74
2021-09-27,2021,0,,DAL,PHI,1469.02646579724,1451.94325720754,0.6159774145911061,0.3840225854088939,1491.56870984542,1429.40101315936,1517.70489229968,1457.23448288989,Dak Prescott,Jalen Hurts,237.8719631526368,153.05847933980868,18.913087051066892,9.376351846501853,0.6791464579185339,0.320853542081466,190.25501666609821,176.71479851976224,233.11026850398292,155.42411125780404,1536.14968680659,1438.78968838298,41,21,49,90,70
2021-09-30,2021,0,,CIN,JAX,1460.85818860394,1293.57620376766,0.7920163540258279,0.20798364597417207,1466.07401823485,1288.36037413675,1468.9723236552,1323.26114685419,Joe Burrow,Trevor Lawrence,144.6528880006376,91.00362124170371,-0.49604782770344324,-15.921678988857828,0.7787938164442241,0.221206183555776,292.3975687602908,210.4919077163806,159.42735607660293,102.9524498891714,1474.55101524725,1317.68245526214,24,21,4,17,11
2021-10-03,2021,0,,CHI,DET,1467.76231090905,1356.94877451389,0.7334238967518478,0.2665761032481522,1479.60067658599,1345.11040883695,1448.69182747005,1338.89717884181,Justin Fields,Jared Goff,68.14544772163887,179.14470671422444,-39.9001191386975,7.118705644604727,0.6645029923384675,0.335497007661532,20.06012994448815,180.2032500440888,63.3369159439238,179.25056104721088,1463.95773438493,1323.63127192693,24,14,3,16,10
2021-10-03,2021,0,,PHI,KC,1429.40101315936,1610.83229021851,0.3384448252609386,0.6615551747390613,1412.91180011419,1627.32150326368,1438.78968838298,1609.93749246701,Jalen Hurts,Patrick Mahomes,155.42411125780407,256.6251185491379,10.090350213174336,12.944424219360181,0.3404500619611861,0.659549938038814,321.9668919903321,383.9885568484185,172.07838933105688,269.3614623790659,1422.19164725565,1626.53553359434,30,42,64,58,61
2021-10-03,2021,0,,NYJ,TEN,1332.62282660555,1544.82119683984,0.29999074493028277,0.7000092550697172,1353.42290306418,1524.02112038121,1347.975721438,1527.58709093981,Zach Wilson,Ryan Tannehill,54.17359277479577,194.79135976321922,-29.758213881596973,-0.30908001810707403,0.2953798902410874,0.704620109758913,152.73856233214588,29.35701002194785,64.03008973053079,178.24792478909208,1368.95195411042,1506.61085826739,27,24,12,16,14
2021-10-03,2021,0,,MIA,IND,1493.75216382808,1498.93044638375,0.5852495897241264,0.41475041027587356,1464.90028808203,1527.7823221298,1490.79423444274,1472.09865488078,Jacoby Brissett,Carson Wentz,131.8676849567903,106.60662171924699,-1.3586162322948594,-17.281969767054953,0.631635936721808,0.368364063278192,124.27717596085702,215.80360655466558,131.10863405719698,117.52632020278884,1459.15510626689,1503.73778305663,17,27,34,67,51
2021-10-03,2021,0,,ATL,WSH,1443.76667586231,1439.24779993931,0.5987315834182038,0.40126841658179624,1423.86537885069,1459.14909695093,1427.5189884646,1469.36825787065,Matt Ryan,Taylor Heinicke,166.7508788324907,67.18040560583813,-4.318373715331167,-96.45920015378624,0.6499407523670011,0.350059247632999,311.11366200120324,318.8537848603681,181.18715714936195,92.34774353129113,1405.5234939978,1491.36375233745,30,34,7,31,19
2021-10-03,2021,0,,BUF,HOU,1648.02759449283,1405.66446476028,0.8543736336928722,0.14562636630712777,1657.51761848894,1396.17444076417,1618.62978756105,1373.59486077813,Josh Allen,Davis Mills,257.9196119594265,81.09868229917706,15.833292027413856,-135.04737398959193,0.9324796572780943,0.0675203427219057,212.93431195730165,-219.03444705083666,253.42108195921406,51.08536936417569,1622.78351227025,1369.44113606893,40,0,10,3,7
2021-10-03,2021,0,,MIN,CLE,1504.95494421393,1557.32381278325,0.5181696550426685,0.48183034495733146,1483.28043153346,1578.99832546372,1509.44219587577,1573.98921879968,Kirk Cousins,Baker Mayfield,236.4317801911999,164.7434037502783,24.4723508849391,-0.8193189813141465,0.5262559830840676,0.473744016915932,13.516945371194097,-41.64782717723925,214.14029670919933,144.10428065752654,1487.3726341831,1596.05878049235,7,14,74,71,73
2021-10-03,2021,0,,DAL,CAR,1491.56870984542,1520.45684688885,0.5517828096657981,0.44821719033420193,1510.94729688647,1501.0782598478,1536.14968680659,1520.29909378619,Dak Prescott,Sam Darnold,233.11026850398306,138.06396474830717,15.58658537418675,0.5198967908039221,0.6262963457392676,0.373703654260732,340.470169857807,208.1053496093992,243.84625863936546,145.06810323441638,1551.92854935566,1504.52023123712,36,28,67,71,69
2021-10-03,2021,0,,NO,NYG,1633.71337155789,1375.02708301306,0.8656797377380059,0.13432026226199412,1594.2106279616,1414.52982660935,1590.52273963291,1394.56047211079,Jameis Winston,Daniel Jones,140.4016075276597,151.14119265851662,-18.42324616540914,10.916834331772385,0.7862927655010457,0.213707234498954,199.56623493356648,405.38975502549806,146.31807026825038,176.56604889521478,1556.41288068398,1428.67033105972,21,27,40,25,33
2021-10-03,2021,0,,SF,SEA,1520.57687800228,1545.99558217321,0.5567169049377236,0.44328309506227637,1496.99948011116,1569.57298006433,1566.38804075167,1532.10597801592,Jimmy Garoppolo,Russell Wilson,139.78217745265454,199.38948591177692,1.9922320566119573,5.4851622463644425,0.6247081869164394,0.375291813083561,55.33849058452836,191.6686905612227,131.3378087658419,198.6174063767215,1539.31791429225,1559.17610447534,21,28,74,89,82
2021-10-03,2021,0,,LAR,ARI,1627.51036984197,1551.30714305151,0.692712468917145,0.307287531082855,1584.72001305086,1594.09749984262,1620.19519153567,1546.33054129938,Matthew Stafford,Kyler Murray,194.87907898599062,244.50847770780354,16.341576484708533,17.69379578837608,0.6774538668575898,0.32254613314241,234.36342384479673,295.10660588287857,198.8275134718712,249.56829052531103,1578.59568138209,1587.93005145296,20,37,89,70,80
2021-10-03,2021,0,,GB,PIT,1611.06228826267,1483.37532414622,0.7519790652667512,0.24802093473324882,1621.99896421666,1472.43864819223,1566.33607122847,1462.95719110874,Aaron Rodgers,Ben Roethlisberger,237.20579327685834,185.32512322681893,0.43365701063586354,-8.18697676156206,0.7256704121387152,0.274329587861285,200.5130597096078,109.76098765147825,233.5365199201333,177.76870966928487,1578.5538685221,1450.73939381511,27,17,53,35,44
2021-10-03,2021,0,,DEN,BAL,1510.99051319521,1594.73273163072,0.47305391217320464,0.5269460878267953,1484.41169011572,1621.31155471021,1543.23782696814,1580.67527167463,Teddy Bridgewater,Lamar Jackson,175.18215358891004,206.96012039492194,17.51642000652654,0.2545565910848282,0.5585355478604256,0.441464452139574,-8.300680316683227,201.3855967956317,156.8338701983507,206.4026680349929,1510.98985708592,1612.92324155685,7,23,81,84,83
2021-10-03,2021,0,,NE,TB,1492.26265276656,1644.72097335864,0.37673011695832886,0.6232698830416712,1484.3015307561,1652.6820953691,1502.87181509751,1624.67751048473,Mac Jones,Tom Brady,110.11144833831779,248.80371211951098,-11.772291799827256,24.392374364499208,0.36216899288011606,0.637831007119884,152.5343992545374,118.42808777088035,114.35374342993974,235.7661496846479,1495.25456308406,1632.29476249818,17,19,79,50,65
2021-10-04,2021,0,,LAC,OAK,1528.10786933802,1539.97023450984,0.5758804745577539,0.42411952544224607,1550.53687044745,1517.54123340041,1551.48626906031,1522.14234031822,Justin Herbert,Derek Carr,204.61231653499792,207.16928378714204,11.302213389439169,11.72414179926297,0.6197375743543212,0.380262425645679,195.35603704999667,63.564261177012085,203.68668858649778,192.80878152612905,1571.31683698925,1502.31177238928,28,14,72,85,79
2021-10-07,2021,0,,SEA,LAR,1569.57298006433,1584.72001305086,0.5712558298998996,0.42874417010010035,1542.65571995445,1611.63727316074,1559.17610447534,1578.59568138209,Russell Wilson,Matthew Stafford,198.61740637672162,198.8275134718712,4.8248643665187885,17.49871490341326,0.5384508152333235,0.461549184766677,95.18756660435979,219.5178570709268,188.27442239948542,200.8965478317768,1534.07406799909,1603.69771785834,17,26,84,90,87
2021-10-10,2021,1,,ATL,NYJ,1423.86537885069,1353.42290306418,0.6000082508214416,0.3999917491785584,1439.98444665858,1337.30383525629,1405.5234939978,1368.95195411042,Matt Ryan,Zach Wilson,181.18715714936198,64.03008973053065,3.1156841288710573,-23.34205470964983,0.5897242823925914,0.410275717607409,340.03545053647616,-44.94261336702522,197.07198648807343,53.13281942077507,1422.11115049224,1352.36429761598,27,20,3,11,7
2021-10-10,2021,0,,PIT,DEN,1472.43864819223,1484.41169011572,0.5757248587527841,0.4242751412472159,1490.64438764893,1466.20595065902,1450.73939381511,1510.98985708592,Ben Roethlisberger,Teddy Bridgewater,177.768709669285,156.8338701983506,-11.555834702250968,7.466457310920307,0.4726918030279743,0.527308196972026,213.7226079714752,211.57369773975233,181.36409949950402,162.3078529524908,1474.11349406882,1487.61575683221,27,19,36,57,47
2021-10-10,2021,0,,TB,MIA,1652.6820953691,1464.90028808203,0.8107865454127636,0.18921345458723637,1664.11159051926,1453.47079293187,1632.29476249818,1459.15510626689,Tom Brady,Jacoby Brissett,235.76614968464776,131.10863405719695,16.653974428842613,-1.6702108704768206,0.8058560875876565,0.194143912412344,477.8897172425573,143.22397030743548,259.9785064404387,132.32016768222078,1644.04857532749,1447.40129343758,45,17,72,22,47
2021-10-10,2021,0,,HOU,NE,1396.17444076417,1484.3015307561,0.46676651250983975,0.5332334874901603,1383.36755507812,1497.10841644215,1369.44113606893,1495.25456308406,Davis Mills,Mac Jones,51.08536936417563,114.35374342993985,-143.30166175761312,-9.06252966402498,0.24164478169760262,0.758355218302397,296.6129743979612,133.9438873750616,75.6381298675542,116.31275782445205,1363.29625355944,1501.39944559355,22,25,1,18,10
2021-10-10,2021,0,,WSH,NO,1459.14909695093,1594.2106279616,0.40051815545094815,0.5994818445490518,1439.85842600356,1613.50129890897,1491.36375233745,1556.41288068398,Taylor Heinicke,Jameis Winston,92.34774353129126,146.31807026825044,-79.05257118337029,-14.54385248684345,0.3996892226930777,0.600310777306922,34.62655828984902,192.5642699167681,86.57562500714704,150.9426902331022,1472.1180927402,1575.65854028123,22,33,35,81,58
2021-10-10,2021,0,,CIN,GB,1466.07401823485,1621.99896421666,0.3720561277822986,0.6279438722177014,1456.1678492151,1631.90513323641,1474.55101524725,1578.5538685221,Joe Burrow,Aaron Rodgers,159.42735607660288,233.53651992013332,6.915988601664459,-1.4226625182583816,0.44410953625762506,0.555890463742375,134.26922928452944,220.39360334618647,156.91154339739555,232.22222826273867,1462.45216207571,1590.65272169364,22,25,63,61,62
2021-10-10,2021,0,,MIN,DET,1483.28043153346,1345.11040883695,0.7630619785521667,0.23693802144783327,1488.04635856338,1340.34448180703,1487.3726341831,1323.63127192693,Kirk Cousins,Jared Goff,214.1402967091994,179.2505610472107,12.102991599692057,6.815697528867477,0.7861873455715316,0.213812654428468,126.27341446288867,-28.70914480275237,205.35360848456833,158.45459046221438,1491.63258379903,1319.371322311,19,17,10,12,11
2021-10-10,2021,0,,CAR,PHI,1501.0782598478,1412.91180011419,0.7071737613084563,0.29282623869154367,1480.00402833493,1433.98603162706,1504.52023123712,1422.19164725565,Sam Darnold,Jalen Hurts,145.06810323441644,172.07838933105677,3.9959711943185203,17.91297173914181,0.6727725697927248,0.327227430207275,-97.24457997837759,155.11295238054166,120.83683491313704,170.38184563600527,1484.74134988741,1441.97052860536,18,21,34,65,50
2021-10-10,2021,0,,JAX,TEN,1288.36037413675,1524.02112038121,0.27241538971407664,0.7275846102859234,1273.47302186424,1538.90847265372,1317.68245526214,1506.61085826739,Trevor Lawrence,Ryan Tannehill,102.9524498891714,178.24792478909194,-9.15118071568106,-8.565343504265472,0.3180424518394685,0.681957548160532,202.48792523116344,67.8639813379011,112.90599742337061,167.20953044397285,1300.01731791873,1524.2759956108,19,37,7,37,22
2021-10-10,2021,0,,OAK,CHI,1517.54123340041,1479.60067658599,0.6439554031685215,0.3560445968314785,1483.96686858075,1513.17504140565,1502.31177238928,1463.95773438493,Derek Carr,Justin Fields,192.8087815261291,63.33691594392393,3.9576835787933367,-40.30937907061988,0.6958028619825743,0.304197138017426,24.96937855750932,17.584526213121812,176.02484122926714,58.761676970843716,1465.31453123762,1500.95497553659,9,20,30,47,39
2021-10-10,2021,0,,LAC,CLE,1550.53687044745,1578.99832546372,0.552390190761222,0.447609809238778,1566.31500273359,1563.22019317758,1571.31683698925,1596.05878049235,Justin Herbert,Baker Mayfield,203.6866885864978,144.10428065752654,10.274288745717131,-11.097914578624492,0.5852881354077233,0.414711864592277,451.37738911825886,313.1323391337864,228.45575863967392,161.00708650515253,1585.7845326885,1581.5910847931,47,42,85,69,77
2021-10-10,2021,0,,DAL,NYG,1510.94729688647,1414.52982660935,0.7169116663388293,0.2830883336611707,1527.92606197978,1397.55106151604,1551.92854935566,1428.67033105972,Dak Prescott,Daniel Jones,243.84625863936554,176.56604889521498,20.175251173168718,23.083420733533057,0.739104225706975,0.260895774293025,223.21421420251303,8.90637314455416,241.78305419568028,159.8000813201489,1567.448259948,1413.15062046738,44,20,53,53,53
2021-10-10,2021,0,,ARI,SF,1594.09749984262,1496.99948011116,0.7177060559596827,0.28229394404031727,1605.03210330494,1486.06487664884,1587.93005145296,1539.31791429225,Kyler Murray,Trey Lance,249.56829052531097,111.99474000000001,19.339012407710786,-21.672632655466966,0.6999825630478503,0.30001743695215,138.8215470487867,96.2215436681819,238.49361617765854,110.41742036681818,1599.62505019173,1527.62291555348,17,10,78,70,74
2021-10-10,2021,0,,KC,BUF,1627.32150326368,1657.51761848894,0.5499199498280304,0.4500800501719696,1594.41683847623,1690.42228327639,1626.53553359434,1622.78351227025,Patrick Mahomes,Josh Allen,269.36146237906587,253.42108195921406,18.66537492335605,12.792362425936835,0.5967111982687788,0.403288801731221,236.39356631733017,400.21483840643907,266.0646727728923,268.10045760393655,1590.27415726009,1659.0448886045,20,38,97,72,85
2021-10-11,2021,0,,BAL,IND,1621.31155471021,1527.7823221298,0.7135252896090994,0.28647471039090056,1631.71124690086,1517.38262993915,1612.92324155685,1503.73778305663,Lamar Jackson,Carson Wentz,206.40266803499276,117.52632020278874,-0.03689741843403666,-10.958022036931528,0.7349212832532885,0.265078716746711,567.489608178438,343.8606447147762,242.5113620493373,140.15975265398748,1622.47084544124,1494.19017917224,31,25,73,56,65
2021-10-14,2021,0,,PHI,TB,1433.98603162706,1664.11159051926,0.27877641232079325,0.7212235876792068,1423.89403067068,1674.20359147564,1441.97052860536,1644.04857532749,Jalen Hurts,Tom Brady,170.3818456360053,259.9785064404386,16.169051304658907,27.92745408529592,0.29048444762495473,0.709515552375045,94.44906280768859,301.60394003616625,162.78856735317365,264.14104980001133,1431.41007858866,1654.60902534419,22,28,76,54,65
2021-10-17,2021,1,,JAX,MIA,1273.47302186424,1453.47079293187,0.2618934477067103,0.7381065522932897,1295.76123977536,1431.18257502075,1300.01731791873,1447.40129343758,Trevor Lawrence,Tua Tagovailoa,112.90599742337058,110.05625557719111,-3.7168479127975713,-23.244845619470638,0.32387985259526336,0.676120147404737,183.36152239605454,281.90707328663086,119.95154992063897,127.24133734813508,1319.92002142824,1427.49858992807,23,20,1,11,6
2021-10-17,2021,0,,WSH,KC,1439.85842600356,1594.41683847623,0.37389579957227964,0.6261042004277204,1418.70142565885,1615.57383882094,1472.1180927402,1590.27415726009,Taylor Heinicke,Patrick Mahomes,86.57562500714687,266.0646727728924,-77.98600188627401,16.08371137410147,0.2924981823568578,0.707501817643142,65.3503875017433,226.13234743655457,84.4531012566065,262.07144023925866,1456.01627331305,1606.37597668724,13,31,45,49,47
2021-10-17,2021,0,,CAR,MIN,1480.00402833493,1488.04635856338,0.5812421697561027,0.41875783024389734,1456.78191044474,1511.26847645357,1484.74134988741,1491.63258379903,Sam Darnold,Kirk Cousins,120.83683491313697,205.35360848456816,-8.319461526037204,7.10449790739182,0.5522504454339056,0.447749554566094,8.6626034530101,429.1435957771413,109.61941176712428,227.73260721382547,1462.88675984798,1513.48717383846,28,34,42,74,58
2021-10-17,2021,0,,NYG,LAR,1397.55106151604,1611.63727316074,0.2977136263903717,0.7022863736096283,1378.96941981981,1630.21891485697,1413.15062046738,1603.69771785834,Daniel Jones,Matthew Stafford,159.80008132014893,200.89654783177681,13.546265909323289,17.658296338195257,0.32136961925168317,0.678630380748317,-101.66552071023314,264.4897945080125,133.65352111711073,207.2558724994004,1392.92690614393,1623.92143218179,11,38,57,25,41
2021-10-17,2021,0,,DET,CIN,1340.34448180703,1456.1678492151,0.4273765622858174,0.5726234377141826,1313.79333942092,1482.71899160121,1319.371322311,1462.45216207571,Jared Goff,Joe Burrow,158.4545904622144,156.91154339739546,-3.923072640073956,5.312282831977442,0.3647669849789734,0.635233015021027,64.14021419450205,179.98603475536925,149.0231528354432,159.21899253319285,1297.15929754833,1484.66418683838,11,34,5,23,14
2021-10-17,2021,0,,BAL,LAC,1631.71124690086,1566.31500273359,0.679314023050246,0.320685976949754,1652.09969390738,1545.92655572707,1622.47084544124,1585.7845326885,Lamar Jackson,Justin Herbert,242.51136204933758,228.45575863967406,18.019294459660227,22.14510933501933,0.6358878238572964,0.364112176142704,81.2920131927222,62.30390349466206,226.38942716367603,211.84057312517285,1645.9582474756,1562.29713065414,34,6,94,89,92
2021-10-17,2021,0,,IND,HOU,1517.38262993915,1383.36755507812,0.758710506831473,0.241289493168527,1532.28445234032,1368.46573267695,1494.19017917224,1363.29625355944,Carson Wentz,Davis Mills,140.1597526539873,75.63812986755433,0.9065952905143128,-123.86019841804323,0.8591662336179313,0.140833766382069,105.76298402193346,6.46141878514242,136.72007579078195,68.72045875931313,1502.48963991934,1354.99679281234,31,3,1,16,9
2021-10-17,2021,0,,CHI,GB,1513.17504140565,1631.90513323641,0.4232867644788398,0.5767132355211602,1493.35905600816,1651.7211186339,1500.95497553659,1590.65272169364,Justin Fields,Aaron Rodgers,58.76167697084388,232.22222826273867,-40.581529603628965,-2.008675221042908,0.3971044539660715,0.602895546033928,57.89205883592802,227.29720064525893,58.6747151573523,231.7297255009907,1482.5185348929,1609.08916233733,14,24,60,80,70
2021-10-17,2021,0,,CLE,ARI,1563.22019317758,1605.03210330494,0.5333208845287201,0.46667911547127994,1528.96064655906,1639.29164992346,1581.5910847931,1599.62505019173,Baker Mayfield,Kyler Murray,161.00708650515259,238.49361617765868,-2.0916159258802542,12.834724613499038,0.5417206837373988,0.458279316262601,65.30675750039792,233.41481067797145,151.43705360467712,237.98573562768996,1546.69785780377,1634.51827718106,14,37,88,68,78
2021-10-17,2021,0,,DEN,OAK,1466.20595065902,1483.96686858075,0.567566659463337,0.43243334053666305,1438.38935591811,1511.78346332166,1487.61575683221,1465.31453123762,Teddy Bridgewater,Derek Carr,162.30785295249095,176.02484122926714,9.830125822444614,-4.632170748577345,0.6323368127773263,0.367663187222674,111.3815909180908,261.08276858852656,157.21522674905094,184.5306339651931,1455.93364710188,1496.99664096795,24,34,37,89,63
2021-10-17,2021,0,,NE,DAL,1497.10841644215,1527.92606197978,0.5490342544863254,0.45096574551367463,1475.40375514338,1549.63072327855,1501.39944559355,1567.448259948,Mac Jones,Dak Prescott,116.31275782445219,241.78305419568034,-7.629895983567339,18.13488639266765,0.4560634696363718,0.543936530363628,119.96734550295132,451.69861669368805,116.67821659230208,262.77461044548113,1483.89383505187,1584.95387048968,29,35,68,50,59
2021-10-17,2021,0,,PIT,SEA,1490.64438764893,1542.65571995445,0.518683492222232,0.481316507777768,1503.91098964153,1529.38911796185,1474.11349406882,1534.07406799909,Ben Roethlisberger,Geno Smith,181.3640994995039,126.16353737163,-9.180348052029013,-62.69875586828072,0.5814325514673518,0.418567448532648,192.66825523300542,94.3713038683899,182.49451507285406,122.98431402130599,1485.42509364645,1522.76246842146,23,20,32,54,43
2021-10-18,2021,0,,TEN,BUF,1538.90847265372,1690.42228327639,0.37800761083488077,0.6219923891651192,1556.8596852181,1672.47107071201,1524.2759956108,1659.0448886045,Ryan Tannehill,Josh Allen,167.20953044397294,268.10045760393683,-13.656273501611746,19.49243212700154,0.34623550505219247,0.653764494947808,178.01017901708877,282.4198199852304,168.2895953012845,269.53239384206614,1543.36004091369,1639.96084330161,34,31,87,73,80
2021-10-21,2021,0,,CLE,DEN,1528.96064655906,1438.38935591811,0.7100321790062817,0.2899678209937183,1536.46929352588,1430.88070895129,1546.69785780377,1455.93364710188,Case Keenum,Teddy Bridgewater,121.111472549791,157.21522674905088,-37.09763263471024,6.792306429602409,0.6490075135881526,0.350992486411847,152.9549211747252,107.86036115969796,124.29581741228444,152.27974019011558,1555.9789616521,1446.65254325355,17,14,41,85,63
2021-10-24,2021,0,,TEN,KC,1556.8596852181,1615.57383882094,0.5090450732610667,0.49095492673893326,1588.37609533507,1584.05742870397,1543.36004091369,1606.37597668724,Ryan Tannehill,Patrick Mahomes,168.2895953012845,262.07144023925866,-12.43342739787521,13.28290953857968,0.45427227217278093,0.545727727827219,209.22915914228096,-0.02487999840611224,172.3835516853841,235.86180821549215,1579.00896136193,1570.727056239,27,3,82,57,70
2021-10-24,2021,0,,BAL,CIN,1652.09969390738,1482.71899160121,0.793999425167075,0.206000574832925,1594.88893873437,1539.92974677422,1645.9582474756,1484.66418683838,Lamar Jackson,Joe Burrow,226.38942716367615,159.21899253319287,9.05736229384671,6.200393258277233,0.7809618210005091,0.219038178999491,163.199494500402,313.254999335554,220.07043389734872,174.62259321342898,1590.07177811818,1540.5506561958,17,41,80,59,70
2021-10-24,2021,0,,NYG,CAR,1378.96941981981,1456.78191044474,0.4815696977226892,0.5184303022773108,1411.67057100879,1424.08075925576,1392.92690614393,1462.88675984798,Daniel Jones,Sam Darnold,133.6535211171108,109.61941176712415,-0.20432748766187173,-13.512200022741755,0.5006972634904682,0.499302736509532,164.77270700390775,-103.1884042017632,136.76543970579053,88.33863017023542,1424.23122880225,1431.58243718966,25,3,13,18,16
2021-10-24,2021,0,,MIA,ATL,1431.18257502075,1439.98444665858,0.5801775836057483,0.41982241639425166,1418.10059660603,1453.0664250733,1427.49858992807,1422.11115049224,Tua Tagovailoa,Matt Ryan,127.24133734813512,197.0719864880735,-13.49006245302506,10.902314591783341,0.5192348433790565,0.480765156620944,300.80080831695113,192.30973729187681,144.5972844450167,196.59576156845384,1416.02006400732,1433.58967641299,28,30,14,19,17
2021-10-24,2021,0,,GB,WSH,1651.7211186339,1418.70142565885,0.8475533716817379,0.15244662831826206,1658.99274160788,1411.42980268487,1609.08916233733,1456.01627331305,Aaron Rodgers,Taylor Heinicke,231.72972550099084,84.45310125660639,-2.1544928408645347,-75.14796366723061,0.8367094881059054,0.163290511894095,273.86202108035195,250.6537469097565,235.94295505892694,101.07316582192139,1616.92248038313,1448.18295526725,24,10,41,16,29
2021-10-24,2021,0,,NE,NYJ,1475.40375514338,1337.30383525629,0.762989010661461,0.23701098933853904,1491.62373240509,1321.08385799458,1483.89383505187,1352.36429761598,Mac Jones,Zach Wilson,116.67821659230198,53.132819420774936,-7.065671800464074,-27.62358712904538,0.741179169557724,0.258820830442276,269.20996902527673,34.069976874628864,131.93139183559944,51.22653516616032,1501.75750821187,1334.50062445598,54,13,7,18,13
2021-10-24,2021,0,,OAK,PHI,1511.78346332166,1423.89403067068,0.706843424120965,0.293156575879035,1525.40609065288,1410.27140333946,1496.99664096795,1431.41007858866,Derek Carr,Jalen Hurts,184.53063396519312,162.78856735317362,-0.1476658431854119,11.563959598010156,0.6630474099170831,0.336952590082917,340.2800340499824,194.8788023878113,200.10557397367202,165.99759085663737,1512.89289837903,1415.51382117758,33,22,33,57,45
2021-10-24,2021,0,,LAR,DET,1630.21891485697,1313.79333942092,0.8998592900457837,0.10014070995421631,1634.14915803656,1309.86309624133,1623.92143218179,1297.15929754833,Matthew Stafford,Jared Goff,207.25587249940054,149.02315283544314,19.95504385509757,-8.442637821455977,0.9173504862876654,0.0826495137123346,283.48302403322583,93.79404634090359,214.8785876527831,143.50024218598918,1627.11973405003,1293.96099568009,28,19,21,2,12
2021-10-24,2021,0,,TB,CHI,1674.20359147564,1493.35905600816,0.8045840239484078,0.19541597605159222,1686.80135924041,1480.76128824339,1654.60902534419,1482.5185348929,Tom Brady,Justin Fields,264.14104980001133,58.67471515735236,28.612353060817373,-38.595934030193085,0.8477692688431093,0.152230731156891,265.72863162862103,-71.01709931707083,264.2998079828723,45.705533709910036,1664.21670167925,1472.91085855784,38,3,75,21,48
2021-10-24,2021,0,,ARI,HOU,1639.29164992346,1368.46573267695,0.873599807196198,0.126400192803802,1646.52012493395,1361.23725766646,1634.51827718106,1354.99679281234,Kyler Murray,Davis Mills,237.98573562769002,68.72045875931313,11.939048107839922,-121.12602405126167,0.9379221494617983,0.0620778505382017,126.51112583646173,70.58771064100304,226.8382746485672,68.90718394748211,1637.88780197842,1351.62726801498,31,5,10,3,7
2021-10-24,2021,0,,SF,IND,1486.06487664884,1532.28445234032,0.5270009104828831,0.4729990895171169,1458.79749416304,1559.55183482612,1527.62291555348,1502.48963991934,Jimmy Garoppolo,Carson Wentz,131.33780876584203,136.72007579078212,-0.4572724402606809,-0.85857290561394,0.6575328168339911,0.342467183166009,-42.0753611384898,228.86676071197223,113.99649177540883,145.9347442829011,1492.0603631737,1538.05219229912,18,30,56,66,61
2021-10-25,2021,0,,SEA,NO,1529.38911796185,1613.50129890897,0.4725230703238612,0.5274769296761388,1516.40083046806,1626.48958640276,1522.76246842146,1575.65854028123,Geno Smith,Jameis Winston,122.98431402130599,150.94269023310213,-61.153429750028884,-11.504349880075484,0.4087249105234962,0.591275089476504,30.551521390981467,137.46113348698003,113.74103475827354,149.5945345584899,1511.751251635,1586.66975706769,10,13,54,93,74
2021-10-28,2021,0,,ARI,GB,1646.52012493395,1658.99274160788,0.575022250846355,0.42497774915364495,1630.18715551781,1675.32571102402,1637.88780197842,1616.92248038313,Kyler Murray,Aaron Rodgers,226.8382746485671,235.94295505892694,5.768365212886337,0.059846580146795246,0.6235474243218755,0.376452575678125,79.35735057989376,158.43461612457799,212.09018224169978,228.19212116549204,1619.88191342634,1634.92836893521,21,24,95,82,89
2021-10-31,2021,0,,CHI,SF,1480.76128824339,1458.79749416304,0.6226012252759215,0.37739877472407846,1448.54572066207,1491.01306174436,1472.91085855784,1492.0603631737,Justin Fields,Jimmy Garoppolo,45.70553370991014,113.99649177540888,-43.15072805240438,-9.105067313464302,0.5132856019648019,0.486714398035198,232.56971369199874,300.58849106281514,64.391951708119,132.65569170414952,1447.29400203323,1517.67721969831,22,33,26,51,39
2021-10-31,2021,0,,HOU,LAR,1361.23725766646,1634.14915803656,0.2320383555516759,0.7679616444483242,1349.22426696362,1646.1621487394,1351.62726801498,1627.11973405003,Davis Mills,Matthew Stafford,68.90718394748198,214.8785876527831,-114.9763602546141,22.76864923903381,0.1160389392691878,0.883961060730812,197.97063503948345,267.9918605602636,81.81352905668213,220.18991494353116,1345.96056405733,1632.78643800768,22,38,11,4,8
2021-10-31,2021,0,,IND,TEN,1559.55183482612,1588.37609533507,0.5518737476754418,0.44812625232455816,1543.99483370996,1603.93309645123,1538.05219229912,1579.00896136193,Carson Wentz,Ryan Tannehill,145.93474428290108,172.38355168538425,3.7916899857262854,-9.764777835931488,0.5410699511637611,0.458930048836239,75.18265501713911,164.92469793405968,138.8595353563249,171.63766631025177,1522.8529384266,1594.20821523445,31,34,75,89,82
2021-10-31,2021,0,,CLE,PIT,1536.46929352588,1503.91098964153,0.6368205269983856,0.36317947300161435,1512.58977985923,1527.79050330818,1555.9789616521,1485.42509364645,Baker Mayfield,Ben Roethlisberger,151.43705360467726,182.49451507285414,-6.509342379335065,-8.156122862752255,0.6435829958520272,0.356417004147973,79.71902969059524,149.95363411733794,144.26525121326907,179.24042697730255,1531.78718373692,1509.61687156163,10,15,55,88,72
2021-10-31,2021,0,,BUF,MIA,1672.47107071201,1418.10059660603,0.8627646055749313,0.1372353944250687,1679.11633454858,1411.45533276946,1639.96084330161,1416.02006400732,Josh Allen,Tua Tagovailoa,269.53239384206614,144.59728444501658,19.233778639716277,-4.137585781933227,0.8711325413903944,0.128867458609606,383.63054144290913,87.56596108185947,280.94220860215046,138.8941521087009,1646.16984446451,1409.81106284442,26,11,62,10,36
2021-10-31,2021,0,,DET,PHI,1309.86309624133,1410.27140333946,0.44921903745011915,0.5507809625498808,1277.46962621267,1442.66487336812,1293.96099568009,1415.51382117758,Jared Goff,Jalen Hurts,143.50024218598926,165.99759085663743,-10.781961255110094,12.590273369841416,0.3757949294334821,0.624205070566518,10.06232336310894,129.6851638471894,130.1564503037012,162.36634815569263,1267.48681671554,1441.98800014213,6,44,1,10,6
2021-10-31,2021,0,,ATL,CAR,1453.0664250733,1424.08075925576,0.6320508225969078,0.3679491774030922,1427.37038873599,1449.77679559307,1433.58967641299,1431.58243718966,Matt Ryan,Sam Darnold,196.59576156845392,88.33863017023539,10.11908640238451,-23.47698082004914,0.6287284765260455,0.371271523473955,-13.449637330662721,99.93705891672855,175.59122167854227,89.4984730448847,1408.05873929873,1457.11337430392,13,19,15,31,23
2021-10-31,2021,0,,NYJ,CIN,1321.08385799458,1539.92974677422,0.2920169869851659,0.7079830130148341,1342.18921147039,1518.82439329841,1334.50062445598,1540.5506561958,Mike White,Joe Burrow,35.82017999999999,174.6225932134289,-42.60190506606078,13.592173935481346,0.2350582434997121,0.764941756500288,313.0758107910071,115.46576158963792,63.54574307910071,168.7069100510498,1357.88843133666,1517.16284931512,34,31,10,17,14
2021-10-31,2021,0,,LAC,NE,1545.92655572707,1491.62373240509,0.665246287939938,0.334753712060062,1526.42444063083,1511.12584750133,1562.29713065414,1501.75750821187,Justin Herbert,Mac Jones,211.84057312517285,131.9313918355996,12.73026111101779,0.9141994112080538,0.7184365512911979,0.281563448708802,31.672769046522447,89.73370354871108,193.8237927173078,127.71162300691074,1540.78681089517,1523.26782797084,24,27,68,66,67
2021-10-31,2021,0,,SEA,JAX,1516.40083046806,1295.76123977536,0.838115616355759,0.16188438364424096,1525.62492400078,1286.53714624264,1511.751251635,1319.92002142824,Geno Smith,Trevor Lawrence,113.74103475827366,119.95154992063914,-62.717397894043536,-0.008229268523177779,0.7256205005179422,0.274379499482058,191.21801063792424,117.68436782825611,121.4887323462387,119.72483171140084,1528.15540873649,1303.51586432675,31,7,4,9,7
2021-10-31,2021,0,,DEN,WSH,1430.88070895129,1411.42980268487,0.6191963394004898,0.3808036605995102,1446.13242381708,1396.17808781908,1446.65254325355,1448.18295526725,Teddy Bridgewater,Taylor Heinicke,152.27974019011543,101.07316582192136,3.9849478286544215,-63.08053320121179,0.6744600931505635,0.325539906849436,66.42521104195943,24.823466131613817,143.69428727529984,93.44819585289059,1459.45498924327,1435.38050927753,17,10,12,23,18
2021-10-31,2021,0,,NO,TB,1626.48958640276,1686.80135924041,0.5067464917671867,0.49325350823281333,1649.15644654641,1664.13449909676,1586.66975706769,1664.21670167925,Jameis Winston,Tom Brady,149.59453455848978,264.2998079828723,-11.603210223377847,27.261114499207036,0.4152033469193708,0.584796653080629,121.26004666440787,297.94023633705734,146.76108576908157,267.66385081829077,1614.34921158186,1636.53724716508,36,27,95,83,89
2021-10-31,2021,0,,MIN,DAL,1511.26847645357,1549.63072327855,0.5382598709436308,0.4617401290563692,1493.7302049807,1567.16899475142,1513.48717383846,1584.95387048968,Kirk Cousins,Cooper Rush,227.73260721382542,0.0,17.93877237665105,-235.05069024754647,0.7992435291383404,0.20075647086166,163.7652692434288,170.22576429598442,221.3358734167858,17.02257642959844,1484.61025779552,1613.83078653262,16,20,18,34,26
2021-11-01,2021,0,,KC,NYG,1584.05742870397,1411.67057100879,0.7968154795809319,0.2031845204190681,1589.14223351348,1406.58576619928,1570.727056239,1424.23122880225,Patrick Mahomes,Daniel Jones,235.86180821549212,136.76543970579039,-0.4860519502327591,1.3618481810610645,0.7639195761208578,0.236080423879142,108.84730702394998,83.89399220079207,223.1603580963379,131.47829495529058,1576.71716265211,1418.24112238914,20,17,46,30,38
2021-11-04,2021,0,,IND,NYJ,1543.99483370996,1342.18921147039,0.8228615924044059,0.17713840759559407,1552.7550723185,1333.42897286185,1522.8529384266,1357.88843133666,Carson Wentz,Mike White,138.85953535632484,63.5457430791008,0.06450102315194499,-26.609028273207265,0.8076063193439332,0.192393680656067,283.5687645257811,70.18475405298159,153.33045827327047,64.20964417648888,1532.43599494676,1348.3053748165,45,30,13,20,17
2021-11-07,2021,0,,NYG,OAK,1406.58576619928,1525.40609065288,0.4231599711010054,0.5768400288989946,1431.1774748233,1500.81438202886,1418.24112238914,1512.89289837903,Daniel Jones,Derek Carr,131.4782949552907,200.10557397367216,-1.3498166032417975,7.647187453213432,0.40791030903692854,0.592089690963072,56.73115328404557,125.48123268837749,124.00358078816618,192.6431398451427,1443.61190802723,1487.52211274094,23,16,32,39,36
2021-11-07,2021,0,,CAR,NE,1449.77679559307,1511.12584750133,0.5052539432717003,0.49474605672829974,1419.97354835385,1540.92909474055,1457.11337430392,1523.26782797084,Sam Darnold,Mac Jones,89.49847304488463,127.7116230069108,-21.723210341722226,-1.2413949736966727,0.45860670952248095,0.541393290477519,-77.52457839017859,33.059135551495345,72.79616790137831,118.24637426136924,1430.45590658201,1549.92529569275,6,24,36,66,51
2021-11-07,2021,0,,DAL,DEN,1567.16899475142,1446.13242381708,0.7447704259864433,0.2552295740135567,1523.10536896684,1490.19604960166,1613.83078653262,1459.45498924327,Dak Prescott,Teddy Bridgewater,262.7746104454812,143.69428727529976,30.965166495512715,-0.5070260201862823,0.8024240464447427,0.197575953555257,103.07858384065803,143.99329679688228,246.80500778499885,143.72418822745803,1564.96258532381,1508.32319045208,16,30,71,29,50
2021-11-07,2021,0,,MIA,HOU,1411.45533276946,1349.22426696362,0.6753319098107697,0.32466809018923026,1424.94270133366,1335.73689839942,1409.81106284442,1345.96056405733,Jacoby Brissett,Tyrod Taylor,132.32016768222087,143.5136101431394,-13.356257087474392,-41.07428860082591,0.7038870640713971,0.296112935928603,-33.201441452124655,-145.76469461361256,115.76800676878632,114.5857796674642,1421.99084038227,1333.78078651948,17,9,1,2,2
2021-11-07,2021,0,,NO,ATL,1649.15644654641,1427.37038873599,0.8390090382684663,0.1609909617315337,1627.95818572756,1448.56864955484,1614.34921158186,1408.05873929873,Trevor Siemian,Matt Ryan,89.72471747114963,175.59122167854233,-69.47614240484509,-0.8891378626904405,0.7538172255477237,0.246182774452276,151.66649698651702,376.0695155358306,95.91889542268636,195.63905106427114,1596.1806898532,1426.22726102738,25,27,34,49,42
2021-11-07,2021,0,,JAX,BUF,1286.53714624264,1679.11633454858,0.131735829176369,0.8682641708236309,1314.82217038045,1650.83131041077,1303.51586432675,1646.16984446451,Trevor Lawrence,Josh Allen,119.72483171140072,280.94220860215023,-0.12117690971629784,23.976997087772542,0.14499209126050477,0.855007908739495,40.58395404339144,28.173401121653036,111.81074394459979,255.66532785410055,1331.08445705603,1618.60125173523,9,6,30,10,20
2021-11-07,2021,0,,BAL,MIN,1594.88893873437,1493.7302049807,0.7224178044480541,0.27758219555194585,1602.0447003432,1486.57444337187,1590.07177811818,1484.61025779552,Lamar Jackson,Kirk Cousins,220.07043389734886,221.3358734167858,5.444997545990641,13.843466859298553,0.7390133963584543,0.260986603641546,311.83076709681006,243.76854038440135,229.246467217295,223.57914011354737,1596.7583104242,1477.9237254895,34,31,71,48,60
2021-11-07,2021,0,,CIN,CLE,1518.82439329841,1512.58977985923,0.6011021211752409,0.39889787882475913,1478.34471192819,1553.06946122945,1517.16284931512,1531.78718373692,Joe Burrow,Baker Mayfield,168.7069100510498,144.26525121326898,9.954723657517647,-9.769776456072611,0.5868858092184299,0.41311419078157,-20.597756572903947,149.21831126708187,149.77644338865443,144.7605572186503,1477.82975546584,1571.1202775862,16,41,61,95,78
2021-11-07,2021,0,,PHI,LAC,1442.66487336812,1526.42444063083,0.4730290177841417,0.5269709822158584,1429.66061248932,1539.42870150963,1441.98800014213,1540.78681089517,Jalen Hurts,Justin Herbert,162.36634815569255,193.82379271730773,10.145138350876987,3.08535785153442,0.4610155077510444,0.538984492248956,220.5133093869004,457.3354982105778,168.18104427881335,220.17496326663473,1429.36172315547,1553.41308788183,24,27,47,74,61
2021-11-07,2021,0,,SF,ARI,1491.01306174436,1630.18715551781,0.3948476126509144,0.6051523873490856,1470.32521949431,1650.87499776786,1517.67721969831,1619.88191342634,Jimmy Garoppolo,Colt McCoy,132.65569170414958,120.67541443376132,0.6797860165793338,-93.30886705913025,0.5705274692455508,0.429472530754449,155.09917633397416,220.9075190230237,134.90004016713203,130.69862489268758,1486.06802179913,1651.49111132552,17,31,60,72,66
2021-11-07,2021,0,,KC,GB,1589.14223351348,1675.32571102402,0.46955224534725154,0.5304477546527484,1609.98701827686,1654.48092626064,1576.71716265211,1634.92836893521,Patrick Mahomes,Jordan Love,223.16035809633783,101.56608,-6.812474412298185,-130.44460386107005,0.6692399284297051,0.330760071570295,84.26577406652393,52.60558360637745,209.27089969335645,96.67003036063774,1588.91116769436,1622.73436389296,13,7,67,72,70
2021-11-07,2021,0,,LAR,TEN,1646.1621487394,1603.93309645123,0.6495951320043978,0.3504048679956022,1611.13114871346,1638.96409647717,1632.78643800768,1594.20821523445,Matthew Stafford,Ryan Tannehill,220.18991494353116,171.63766631025166,24.2858804224562,-9.649481631701331,0.6846343398042473,0.315365660195753,150.9198132819072,110.15839430313432,213.2629047773688,165.48973910953993,1595.37554178894,1631.61911145319,16,28,94,59,77
2021-11-08,2021,0,,PIT,CHI,1527.79050330818,1448.54572066207,0.6964267561214289,0.3035732438785711,1534.05026301545,1442.2859609548,1509.61687156163,1447.29400203323,Ben Roethlisberger,Justin Fields,179.24042697730255,64.39195170811887,-9.375360767390323,-31.64998265067969,0.6927428830813487,0.307257116918651,117.55535752529941,176.0193692216906,173.07192003210224,75.55469345947604,1515.96075743956,1440.9501161553,29,27,26,38,32
2021-11-11,2021,0,,MIA,BAL,1424.94270133366,1602.0447003432,0.3440469739460242,0.6559530260539759,1460.39912537534,1566.58827630152,1421.99084038227,1596.7583104242,Jacoby Brissett,Lamar Jackson,115.76800676878635,229.24646721729485,-20.96452468981794,9.760764328664223,0.3005776060698249,0.699422393930175,-18.263595619193758,59.15983113269294,102.36484652998834,212.23780360883467,1460.43420422423,1558.31494658224,22,10,47,20,34
2021-11-14,2021,0,,TEN,NO,1638.96409647717,1627.95818572756,0.607669175968919,0.392330824031081,1647.29661281581,1619.62566938892,1631.61911145319,1596.1806898532,Ryan Tannehill,Trevor Siemian,165.48973910954,95.91889542268638,-12.240971150471918,-62.90524630883459,0.6948921260141819,0.305107873985818,201.14233077466307,115.2901136334367,169.0549982760523,97.85601724376141,1637.91389682931,1589.88590447708,23,21,83,71,77
2021-11-14,2021,0,,NE,CLE,1540.92909474055,1553.06946122945,0.5754895654229548,0.4245104345770452,1571.30368418591,1522.69487178409,1549.92529569275,1571.1202775862,Mac Jones,Baker Mayfield,118.2463742613691,144.76055721865023,-5.911949597782797,-9.033634630578364,0.5560101194321295,0.44398988056787,235.81842227136633,-34.41205845504471,130.00357906236883,126.84329565128073,1581.88913175516,1539.15644152379,45,7,74,97,86
2021-11-14,2021,0,,IND,JAX,1552.7550723185,1314.82217038045,0.8511718750800649,0.14882812491993513,1557.84616803864,1309.73107466031,1532.43599494676,1331.08445705603,Carson Wentz,Trevor Lawrence,153.33045827327052,111.81074394459979,7.2967374304671155,-4.07216194763105,0.8259602718585441,0.174039728141456,38.611022081195514,-14.868192634042439,141.85851465406301,99.14285028673558,1538.46762539734,1325.05282660545,23,17,15,17,16
2021-11-14,2021,0,,DAL,ATL,1523.10536896684,1448.56864955484,0.6906666783136409,0.3093333216863591,1544.70972730843,1426.96429121325,1564.96258532381,1426.22726102738,Dak Prescott,Matt Ryan,246.80500778499885,195.6390510642711,21.43210684049592,9.179233723308323,0.7690106774768531,0.230989322523147,324.889463152816,-130.8700770273369,254.61345332178053,162.98813825511027,1580.63049800542,1410.55934834577,43,3,52,31,42
2021-11-14,2021,0,,PIT,DET,1534.05026301545,1277.46962621267,0.8642640582215297,0.13573594177847026,1522.94076439828,1288.57912482984,1515.96075743956,1267.48681671554,Mason Rudolph,Jared Goff,70.66797769404218,130.15645030370135,-114.3947885396811,-16.914759133498382,0.7401206923688353,0.259879307631165,150.22719667045496,-26.52530822376897,78.62389959168347,114.48827445095432,1508.63744227954,1274.81013187556,16,16,0,18,9
2021-11-14,2021,0,,WSH,TB,1396.17808781908,1664.13449909676,0.2371604114118024,0.7628395885881976,1436.4802704871,1623.83231642874,1435.38050927753,1636.53724716508,Taylor Heinicke,Tom Brady,93.44819585289045,267.6638508182908,-63.7389915256667,27.58008019195605,0.20618511206947646,0.793814887930524,161.6933353468125,118.18024150548659,100.27270980228265,252.7154898870104,1477.98539781405,1593.93235862856,29,19,50,18,34
2021-11-14,2021,0,,NYJ,BUF,1333.42897286185,1650.83131041077,0.1895487952016203,0.8104512047983797,1321.97744969736,1662.28283357526,1348.3053748165,1618.60125173523,Mike White,Josh Allen,64.20964417648901,255.66532785410064,-24.94662631085262,10.139706859359332,0.19233465840563044,0.80766534159437,-43.318952643153,218.86661731511708,53.45678449452481,251.9854568002023,1336.67068217862,1630.23594437311,17,45,28,11,20
2021-11-14,2021,0,,ARI,CAR,1650.87499776786,1419.97354835385,0.8459711931567503,0.1540288068432497,1587.95002272423,1482.89852339748,1651.49111132552,1430.45590658201,Colt McCoy,P.J. Walker,130.6986248926875,6.430716834409494,-83.63181847671054,-95.35365346335814,0.8452300518101739,0.154769948189826,-78.5175302104545,112.99050853290056,109.77700938237331,17.086696004258602,1588.65380724093,1493.2932106666,10,34,20,32,26
2021-11-14,2021,0,,LAC,MIN,1539.42870150963,1486.57444337187,0.6633867805035978,0.3366132194964022,1510.2775925929,1515.7255522886,1553.41308788183,1477.9237254895,Justin Herbert,Kirk Cousins,220.17496326663485,223.57914011354723,16.106675233621193,14.272926864714226,0.6893290343427918,0.310670965657208,95.89551975759458,234.20393493318028,207.74701891573085,224.64161959551052,1522.81937636525,1508.51743700608,20,27,64,62,63
2021-11-14,2021,0,,DEN,PHI,1490.19604960166,1429.66061248932,0.6731881123164242,0.32681188768357583,1448.92582813554,1470.93083395544,1508.32319045208,1429.36172315547,Teddy Bridgewater,Jalen Hurts,143.72418822745794,168.18104427881326,-0.466724243097763,12.545229494893587,0.6753728868711034,0.324627113128897,86.61501431567457,205.80094566424995,138.01327083627962,171.94303441735693,1466.88451025137,1470.80040335618,13,30,35,61,48
2021-11-14,2021,0,,GB,SEA,1654.48092626064,1525.62492400078,0.7532320362792685,0.2467679637207315,1667.590758559,1512.51509170242,1622.73436389296,1528.15540873649,Aaron Rodgers,Russell Wilson,228.1921211654921,188.27442239948527,5.151692317156794,11.078010847887711,0.672806735486903,0.327193264513097,121.99644045246833,-63.86122362117729,217.5725530941897,163.06085779741903,1640.62987055818,1510.25990207127,17,0,85,71,78
2021-11-14,2021,0,,OAK,KC,1500.81438202886,1609.98701827686,0.4367707860650221,0.5632292139349779,1472.2791345046,1638.52226580112,1487.52211274094,1588.91116769436,Derek Carr,Patrick Mahomes,192.64313984514257,209.2708996933566,3.5336110162877707,-13.416579893173713,0.464317768859117,0.535682231140883,178.97159544168363,492.76088663546903,191.2759854047967,237.61989838756784,1456.92351855741,1619.50976187789,14,41,65,98,82
2021-11-15,2021,0,,SF,LAR,1470.32521949431,1611.13114871346,0.3926053092785938,0.6073946907214063,,,,,Jimmy Garoppolo,Matthew Stafford,134.90004016713212,213.26290477736868,1.7679709472416156,19.60808131825223,0.3995433051243654,0.6004566948756346,,,"","",,,,,72,55,64
2021-11-18,2021,0,,ATL,NE,1426.96429121325,1571.30368418591,0.38776558183844906,0.6122344181615509,,,,,Matt Ryan,Mac Jones,162.98813825511027,130.00357906236886,-7.605184367437479,0.26225028260640354,0.33318823658281155,0.6668117634171884,,,"","",,,,,42,55,49
2021-11-21,2021,0,,CHI,BAL,1442.2859609548,1566.58827630152,0.4154763452599604,0.5845236547400396,,,,,Justin Fields,Lamar Jackson,75.55469345947611,212.2378036088346,-24.48611264246697,0.7683943080009882,0.41421822635258143,0.5857817736474186,,,"","",,,,,40,40,40
2021-11-21,2021,0,,PHI,NO,1470.93083395544,1619.62566938892,0.3818304286616609,0.618169571338339,,,,,Jalen Hurts,Taysom Hill,171.94303441735696,68.40223076519942,13.798963089420653,-88.24520956141735,0.5605895454952426,0.43941045450475735,,,"","",,,,,45,97,71
2021-11-21,2021,0,,MIN,GB,1515.7255522886,1667.590758559,0.377532132879658,0.6224678671203421,,,,,Kirk Cousins,Aaron Rodgers,224.6416195955105,217.5725530941897,14.090520262460092,-0.41567633435230955,0.41230008010626124,0.5876999198937387,,,"","",,,,,84,95,90
2021-11-21,2021,0,,CLE,DET,1522.69487178409,1288.57912482984,0.8483668009255381,0.15163319907446193,,,,,Baker Mayfield,Jared Goff,126.84329565128067,114.48827445095436,-17.540583682734418,-23.90310910319706,0.8672669453661683,0.13273305463383167,,,"","",,,,,3,8,6
2021-11-21,2021,0,,NYJ,MIA,1321.97744969736,1460.39912537534,0.3958830083548901,0.6041169916451099,,,,,"",Tua Tagovailoa,51.96568764093662,138.89415210870075,-30.566821689880406,9.911427003986304,0.35346878254507086,0.6465312174549291,,,"","",,,,,4,3,4
2021-11-21,2021,0,,TEN,HOU,1647.29661281581,1335.73689839942,0.8973068029948891,0.10269319700511093,,,,,Ryan Tannehill,Tyrod Taylor,169.05499827605234,114.58577966746415,-9.846293009692266,-53.484489408622146,0.8993574126873751,0.10064258731262488,,,"","",,,,,17,9,13
2021-11-21,2021,0,,JAX,SF,1309.73107466031,1470.32521949431,0.3657984906643281,0.6342015093356719,,,,,Trevor Lawrence,"",99.14285028673575,124.87229673608348,-10.202500679181366,-8.259772483807023,0.36196741760874673,0.6380325823912533,,,"","",,,,,6,13,10
2021-11-21,2021,0,,BUF,IND,1662.28283357526,1557.84616803864,0.7261857443076947,0.27381425569230533,,,,,Josh Allen,Carson Wentz,251.98545680020214,141.85851465406301,7.792785989441944,1.1959287493401611,0.7094855851199088,0.2905144148800912,,,"","",,,,,86,71,79
2021-11-21,2021,0,,CAR,WSH,1482.89852339748,1436.4802704871,0.6550642197160438,0.3449357802839562,,,,,Sam Darnold,"",72.79616790137834,130.00432916059214,-29.548509308145967,-27.408165616377797,0.5987243895794013,0.40127561042059867,,,"","",,,,,27,79,53
2021-11-21,2021,0,,OAK,CIN,1472.2791345046,1478.34471192819,0.5840092524087436,0.4159907475912564,,,,,Derek Carr,Joe Burrow,191.2759854047968,149.77644338865449,2.673353245300657,-0.008245856555970476,0.5266237067752636,0.4733762932247364,,,"","",,,,,32,93,63
2021-11-21,2021,0,,KC,DAL,1638.52226580112,1544.70972730843,0.7138585285092717,0.2861414714907283,,,,,Patrick Mahomes,Dak Prescott,237.61989838756784,254.61345332178064,1.4287484485906488,24.26472426686189,0.6033736230847657,0.3966263769152343,,,"","",,,,,93,55,74
2021-11-21,2021,0,,SEA,ARI,1512.51509170242,1587.95002272423,0.4849874408686717,0.5150125591313284,,,,,Russell Wilson,Kyler Murray,163.0608577974189,212.09018224169984,-2.082671995539979,12.402137551294581,0.45199982793566246,0.5480001720643375,,,"","",,,,,74,69,72
2021-11-21,2021,0,,LAC,PIT,1510.2775925929,1522.94076439828,0.5747541717902801,0.4252458282097199,,,,,Justin Herbert,Ben Roethlisberger,207.7470189157308,173.07192003210218,9.08736929648825,-10.249067723457758,0.6361877498677525,0.3638122501322475,,,"","",,,,,56,94,75
2021-11-22,2021,0,,TB,NYG,1623.83231642874,1431.1774748233,0.8150524949082836,0.18494750509171642,,,,,Tom Brady,Daniel Jones,252.71548988701025,124.00358078816629,18.726895716717895,-5.019682856641872,0.7681558582624196,0.2318441417375804,,,"","",,,,,59,23,41
2021-11-25,2021,0,,DET,CHI,1288.57912482984,1442.2859609548,0.37504406998004,0.6249559300199601,,,,,Jared Goff,Justin Fields,114.48827445095436,75.55469345947611,-23.90310910319706,-24.48611264246697,0.3472922270105982,0.6527077729894017,,,"","",,,,,0,3,2
2021-11-25,2021,0,,DAL,OAK,1544.70972730843,1472.2791345046,0.688070496330407,0.31192950366959304,,,,,Dak Prescott,Derek Carr,254.61345332178064,191.2759854047968,24.26472426686189,2.673353245300657,0.7644671587801223,0.23553284121987772,,,"","",,,,,63,39,51
2021-11-25,2021,0,,NO,BUF,1619.62566938892,1662.28283357526,0.5321096744405951,0.4678903255594049,,,,,Taysom Hill,Josh Allen,68.40223076519942,251.98545680020214,-88.24520956141735,7.792785989441944,0.3909027361166586,0.6090972638833414,,,"","",,,,,80,56,68
2021-11-28,2021,0,,HOU,NYJ,1335.73689839942,1321.97744969736,0.6114415676511443,0.3885584323488557,,,,,Tyrod Taylor,Zach Wilson,114.58577966746415,51.2265351661602,-53.484489408622146,-31.305974164656835,0.5510930767030449,0.44890692329695514,,,"","",,,,,0,1,1
2021-11-28,2021,0,,CIN,PIT,1478.34471192819,1522.94076439828,0.5293299300352188,0.4706700699647812,,,,,Joe Burrow,Ben Roethlisberger,149.77644338865449,173.07192003210218,-0.008245856555970476,-10.249067723457758,0.5508552291623454,0.4491447708376546,,,"","",,,,,42,96,69
2021-11-28,2021,0,,JAX,ATL,1309.73107466031,1426.96429121325,0.425391610845256,0.574608389154744,,,,,Trevor Lawrence,Matt Ryan,99.14285028673575,162.98813825511027,-10.202500679181366,-7.605184367437479,0.45414389168725183,0.5458561083127482,,,"","",,,,,1,9,5
2021-11-28,2021,0,,IND,TB,1557.84616803864,1623.83231642874,0.4985808221970304,0.5014191778029695,,,,,Carson Wentz,Tom Brady,141.85851465406301,252.71548988701025,1.1959287493401611,18.726895716717895,0.4789589965760622,0.5210410034239378,,,"","",,,,,83,70,77
2021-11-28,2021,0,,NE,TEN,1571.30368418591,1647.29661281581,0.4841851810673948,0.5158148189326053,,,,,Mac Jones,Ryan Tannehill,130.00357906236886,169.05499827605234,0.26225028260640354,-9.846293009692266,0.5183925071612921,0.48160749283870785,,,"","",,,,,91,89,90
2021-11-28,2021,0,,MIA,CAR,1460.39912537534,1482.89852339748,0.5608600197586834,0.4391399802413166,,,,,Tua Tagovailoa,Cam Newton,138.89415210870075,138.19209618227111,9.911427003986304,35.8474189727468,0.4982348107109494,0.5017651892890507,,,"","",,,,,48,51,50
2021-11-28,2021,0,,NYG,PHI,1431.1774748233,1470.93083395544,0.536269022172272,0.463730977827728,,,,,Daniel Jones,Jalen Hurts,124.00358078816629,171.94303441735696,-5.019682856641872,13.798963089420653,0.5134296252856402,0.4865703747143598,,,"","",,,,,29,59,44
2021-11-28,2021,0,,DEN,LAC,1448.92582813554,1510.2775925929,0.5052500400304561,0.49474995996954385,,,,,Teddy Bridgewater,Justin Herbert,138.01327083627962,207.7470189157308,-3.298846726531943,9.08736929648825,0.5216161613550794,0.4783838386449206,,,"","",,,,,47,94,71
2021-11-28,2021,0,,SF,MIN,1470.32521949431,1515.7255522886,0.5281763057844832,0.47182369421551684,,,,,"",Kirk Cousins,124.87229673608348,224.6416195955105,-8.259772483807023,14.090520262460092,0.5237784734812618,0.47622152651873817,,,"","",,,,,49,93,71
2021-11-28,2021,0,,GB,LAR,1667.590758559,1611.13114871346,0.6680054363633575,0.3319945636366425,,,,,Aaron Rodgers,Matthew Stafford,217.5725530941897,213.26290477736868,-0.41567633435230955,19.60808131825223,0.5886978347965813,0.41130216520341867,,,"","",,,,,95,98,97
2021-11-28,2021,0,,BAL,CLE,1566.58827630152,1522.69487178409,0.6517727841773527,0.34822721582264726,,,,,Lamar Jackson,Baker Mayfield,212.2378036088346,126.84329565128067,0.7683943080009882,-17.540583682734418,0.6316708583285379,0.36832914167146213,,,"","",,,,,69,97,83
2021-11-29,2021,0,,WSH,SEA,1436.4802704871,1512.51509170242,0.4841249533351395,0.5158750466648605,,,,,Taylor Heinicke,Russell Wilson,100.27270980228282,163.0608577974189,-57.139784974687124,-2.082671995539979,0.46694471122781095,0.5330552887721891,,,"","",,,,,30,57,44
2021-12-02,2021,0,,NO,DAL,1619.62566938892,1544.70972730843,0.6911328697574775,0.30886713024252255,,,,,Taysom Hill,Dak Prescott,68.40223076519942,254.61345332178064,-88.24520956141735,24.26472426686189,0.43358167415433213,0.5664183258456679,,,"","",,,,,74,86,80
2021-12-05,2021,0,,NYJ,PHI,1321.97744969736,1470.93083395544,0.3814791918963984,0.6185208081036015,,,,,Zach Wilson,Jalen Hurts,51.2265351661602,171.94303441735696,-31.305974164656835,13.798963089420653,0.3288948330978676,0.6711051669021324,,,"","",,,,,5,20,13
2021-12-05,2021,0,,HOU,IND,1335.73689839942,1557.84616803864,0.2881484373135751,0.7118515626864249,,,,,Tyrod Taylor,Carson Wentz,114.58577966746415,141.85851465406301,-53.484489408622146,1.1959287493401611,0.23932983783509476,0.7606701621649052,,,"","",,,,,7,28,18
2021-12-05,2021,0,,ATL,TB,1426.96429121325,1623.83231642874,0.3188431371536405,0.6811568628463596,,,,,Matt Ryan,Tom Brady,162.98813825511027,252.71548988701025,-7.605184367437479,18.726895716717895,0.29297313731904645,0.7070268626809535,,,"","",,,,,49,40,45
2021-12-05,2021,0,,DET,MIN,1288.57912482984,1515.7255522886,0.28223749036588314,0.7177625096341169,,,,,Jared Goff,Kirk Cousins,114.48827445095436,224.6416195955105,-23.90310910319706,14.090520262460092,0.22531649055651845,0.7746835094434815,,,"","",,,,,3,22,13
2021-12-05,2021,0,,MIA,NYG,1460.39912537534,1431.1774748233,0.6323666875780782,0.36763331242192177,,,,,Tua Tagovailoa,Daniel Jones,138.89415210870075,124.00358078816629,9.911427003986304,-5.019682856641872,0.6281790039353665,0.3718209960646335,,,"","",,,,,25,11,18
2021-12-05,2021,0,,CIN,LAC,1478.34471192819,1510.2775925929,0.5474442425856378,0.45255575741436216,,,,,Joe Burrow,Justin Herbert,149.77644338865449,207.7470189157308,-0.008245856555970476,9.08736929648825,0.5122630835727799,0.48773691642722006,,,"","",,,,,51,97,74
2021-12-05,2021,0,,KC,DEN,1638.52226580112,1448.92582813554,0.8123838614911812,0.18761613850881875,,,,,Patrick Mahomes,Teddy Bridgewater,237.61989838756784,138.01327083627962,1.4287484485906488,-3.298846726531943,0.7988818066873741,0.20111819331262593,,,"","",,,,,68,62,65
2021-12-05,2021,0,,CHI,ARI,1442.2859609548,1587.95002272423,0.38595684086928655,0.6140431591307134,,,,,Justin Fields,Kyler Murray,75.55469345947611,212.09018224169984,-24.48611264246697,12.402137551294581,0.29811752767885447,0.7018824723211455,,,"","",,,,,50,27,39
2021-12-05,2021,0,,OAK,WSH,1472.2791345046,1436.4802704871,0.641123756839464,0.358876243160536,,,,,Derek Carr,Ryan Fitzpatrick,191.2759854047968,171.22720289055349,2.673353245300657,13.814708113583539,0.5447549619012205,0.4552450380987795,,,"","",,,,,35,57,46
2021-12-05,2021,0,,PIT,BAL,1522.94076439828,1566.58827630152,0.5306900712956075,0.4693099287043925,,,,,Ben Roethlisberger,Lamar Jackson,173.07192003210218,212.2378036088346,-10.249067723457758,0.7683943080009882,0.49294131272522573,0.5070586872747742,,,"","",,,,,63,96,80
2021-12-05,2021,0,,LAR,JAX,1611.13114871346,1309.73107466031,0.8917911074548035,0.1082088925451965,,,,,Matthew Stafford,Trevor Lawrence,213.26290477736868,99.14285028673575,19.60808131825223,-10.202500679181366,0.8903071701192413,0.10969282988075868,,,"","",,,,,23,3,13
2021-12-05,2021,0,,SEA,SF,1512.51509170242,1470.32521949431,0.6495437928678234,0.3504562071321766,,,,,Russell Wilson,"",163.0608577974189,124.87229673608348,-2.082671995539979,-8.259772483807023,0.6241409832913609,0.3758590167086391,,,"","",,,,,45,65,55
2021-12-06,2021,0,,BUF,NE,1662.28283357526,1571.30368418591,0.7105153256988634,0.28948467430113656,,,,,Josh Allen,Mac Jones,251.98545680020214,130.00357906236886,7.792785989441944,0.26225028260640354,0.6563720074438069,0.34362799255619314,,,"","",,,,,92,57,75
2021-12-09,2021,0,,MIN,PIT,1515.7255522886,1522.94076439828,0.5824006123257067,0.4175993876742933,,,,,Kirk Cousins,Ben Roethlisberger,224.6416195955105,173.07192003210218,14.090520262460092,-10.249067723457758,0.6161148692677758,0.3838851307322242,,,"","",,,,,54,91,73
2021-12-12,2021,0,,HOU,SEA,1335.73689839942,1512.51509170242,0.3444677556196207,0.6555322443803793,,,,,Tyrod Taylor,Russell Wilson,114.58577966746415,163.0608577974189,-53.484489408622146,-2.082671995539979,0.27856536130196907,0.7214346386980309,,,"","",,,,,5,9,7
2021-12-12,2021,0,,WSH,DAL,1436.4802704871,1544.70972730843,0.43810687947329574,0.5618931205267043,,,,,Ryan Fitzpatrick,Dak Prescott,171.22720289055349,254.61345332178064,13.814708113583539,24.26472426686189,0.42394650842019665,0.5760534915798033,,,"","",,,,,71,58,65
2021-12-12,2021,0,,CIN,SF,1478.34471192819,1470.32521949431,0.6035631672433542,0.39643683275664576,,,,,Joe Burrow,"",149.77644338865449,124.87229673608348,-0.008245856555970476,-8.259772483807023,0.5899252443831691,0.41007475561683093,,,"","",,,,,36,70,53
2021-12-12,2021,0,,CLE,BAL,1522.69487178409,1566.58827630152,0.5303375213270591,0.46966247867294086,,,,,Baker Mayfield,Lamar Jackson,126.84329565128067,212.2378036088346,-17.540583682734418,0.7683943080009882,0.5626546195202253,0.43734538047977467,,,"","",,,,,69,97,83
2021-12-12,2021,0,,TEN,JAX,1647.29661281581,1309.73107466031,0.9103040884357527,0.08969591156424728,,,,,Ryan Tannehill,Trevor Lawrence,169.05499827605234,99.14285028673575,-9.846293009692266,-10.202500679181366,0.9067924002641474,0.09320759973585258,,,"","",,,,,25,9,17
2021-12-12,2021,0,,KC,OAK,1638.52226580112,1472.2791345046,0.7910295495066701,0.20897045049332985,,,,,Patrick Mahomes,Derek Carr,237.61989838756784,191.2759854047968,1.4287484485906488,2.673353245300657,0.7810600142269475,0.21893998577305251,,,"","",,,,,67,69,68
2021-12-12,2021,0,,CAR,ATL,1482.89852339748,1426.96429121325,0.6673343805236177,0.3326656194763823,,,,,Cam Newton,Matt Ryan,138.19209618227111,162.98813825511027,35.8474189727468,-7.605184367437479,0.7671192907096317,0.2328807092903683,,,"","",,,,,30,54,42
2021-12-12,2021,0,,NYJ,NO,1321.97744969736,1619.62566938892,0.20763658061911563,0.7923634193808844,,,,,Zach Wilson,Taysom Hill,51.2265351661602,68.40223076519942,-31.305974164656835,-88.24520956141735,0.31296634234972354,0.6870336576502765,,,"","",,,,,6,30,18
2021-12-12,2021,0,,DEN,DET,1448.92582813554,1288.57912482984,0.7853633535398242,0.21463664646017577,,,,,Teddy Bridgewater,Jared Goff,138.01327083627962,114.48827445095436,-3.298846726531943,-23.90310910319706,0.8274303943722459,0.17256960562775414,,,"","",,,,,1,6,4
2021-12-12,2021,0,,LAC,NYG,1510.2775925929,1431.1774748233,0.6962506685279268,0.30374933147207317,,,,,Justin Herbert,Daniel Jones,207.7470189157308,124.00358078816629,9.08736929648825,-5.019682856641872,0.713046177112239,0.28695382288776095,,,"","",,,,,40,46,43
2021-12-12,2021,0,,TB,BUF,1623.83231642874,1662.28283357526,0.5381335810892036,0.4618664189107964,,,,,Tom Brady,Josh Allen,252.71548988701025,251.98545680020214,18.726895716717895,7.792785989441944,0.5485014791876325,0.4514985208123675,,,"","",,,,,95,27,61
2021-12-12,2021,0,,GB,CHI,1667.590758559,1442.2859609548,0.8417262546105604,0.1582737453894396,,,,,Aaron Rodgers,Justin Fields,217.5725530941897,75.55469345947611,-0.41567633435230955,-24.48611264246697,0.8523007732608536,0.14769922673914637,,,"","",,,,,59,22,41
2021-12-13,2021,0,,ARI,LAR,1587.95002272423,1611.13114871346,0.559893240222904,0.440106759777096,,,,,Kyler Murray,Matthew Stafford,212.09018224169984,213.26290477736868,12.402137551294581,19.60808131825223,0.5608237853084546,0.43917621469154544,,,"","",,,,,92,79,86
2021-12-16,2021,0,,LAC,KC,1510.2775925929,1638.52226580112,0.409975755271156,0.590024244728844,,,,,Justin Herbert,Patrick Mahomes,207.7470189157308,237.61989838756784,9.08736929648825,1.4287484485906488,0.45899139754572366,0.5410086024542764,,,"","",,,,,83,89,86
2021-12-19,2021,0,,MIA,NYJ,1460.39912537534,1321.97744969736,0.7633237888978391,0.23667621110216086,,,,,Tua Tagovailoa,Zach Wilson,138.89415210870075,51.2265351661602,9.911427003986304,-31.305974164656835,0.8077169875984067,0.1922830124015933,,,"","",,,,,4,2,3
2021-12-19,2021,0,,PHI,WSH,1470.93083395544,1436.4802704871,0.6393360234154342,0.36066397658456584,,,,,Jalen Hurts,Ryan Fitzpatrick,171.94303441735696,171.22720289055349,13.798963089420653,13.814708113583539,0.6038866254878419,0.3961133745121581,,,"","",,,,,42,75,59
2021-12-19,2021,0,,BUF,CAR,1662.28283357526,1482.89852339748,0.8032590180869311,0.19674098191306888,,,,,Josh Allen,Cam Newton,251.98545680020214,138.19209618227111,7.792785989441944,35.8474189727468,0.7222610986870116,0.2777389013129884,,,"","",,,,,85,49,67
2021-12-19,2021,0,,IND,NE,1557.84616803864,1571.30368418591,0.5736361908038262,0.4263638091961738,,,,,Carson Wentz,Mac Jones,141.85851465406301,130.00357906236886,1.1959287493401611,0.26225028260640354,0.5225623736615148,0.4774376263384852,,,"","",,,,,77,99,88
2021-12-19,2021,0,,CLE,OAK,1522.69487178409,1472.2791345046,0.6602450407723653,0.33975495922763466,,,,,Baker Mayfield,Derek Carr,126.84329565128067,191.2759854047968,-17.540583682734418,2.673353245300657,0.671678675369935,0.328321324630065,,,"","",,,,,43,93,68
2021-12-19,2021,0,,DET,ARI,1288.57912482984,1587.95002272423,0.20600980634977864,0.7939901936502214,,,,,Jared Goff,Kyler Murray,114.48827445095436,212.09018224169984,-23.90310910319706,12.402137551294581,0.15976766676676027,0.8402323332332398,,,"","",,,,,8,6,7
2021-12-19,2021,0,,BAL,GB,1566.58827630152,1667.590758559,0.44837291851608896,0.551627081483911,,,,,Lamar Jackson,Aaron Rodgers,212.2378036088346,217.5725530941897,0.7683943080009882,-0.41567633435230955,0.46641761291452977,0.5335823870854702,,,"","",,,,,89,85,87
2021-12-19,2021,0,,NYG,DAL,1431.1774748233,1544.70972730843,0.4306072297838855,0.5693927702161146,,,,,Daniel Jones,Dak Prescott,124.00358078816629,254.61345332178064,-5.019682856641872,24.26472426686189,0.3523353505248994,0.6476646494751006,,,"","",,,,,57,36,47
2021-12-19,2021,0,,JAX,HOU,1309.73107466031,1335.73689839942,0.5558826847897431,0.4441173152102569,,,,,Trevor Lawrence,Tyrod Taylor,99.14285028673575,114.58577966746415,-10.202500679181366,-53.484489408622146,0.630538468333214,0.36946153166678597,,,"","",,,,,0,1,1
2021-12-19,2021,0,,PIT,TEN,1522.94076439828,1647.29661281581,0.4154015085076306,0.5845984914923694,,,,,Ben Roethlisberger,Ryan Tannehill,173.07192003210218,169.05499827605234,-10.249067723457758,-9.846293009692266,0.39674596370671245,0.6032540362932876,,,"","",,,,,77,92,85
2021-12-19,2021,0,,DEN,CIN,1448.92582813554,1478.34471192819,0.5510270771788327,0.4489729228211673,,,,,Teddy Bridgewater,Joe Burrow,138.01327083627962,149.77644338865449,-3.298846726531943,-0.008245856555970476,0.5645998025851976,0.4354001974148024,,,"","",,,,,33,90,62
2021-12-19,2021,0,,SF,ATL,1470.32521949431,1426.96429121325,0.6510767723723507,0.34892322762764927,,,,,"",Matt Ryan,124.87229673608348,162.98813825511027,-8.259772483807023,-7.605184367437479,0.6892625653097684,0.31073743469023163,,,"","",,,,,19,45,32
2021-12-19,2021,0,,LAR,SEA,1611.13114871346,1512.51509170242,0.7194731437185172,0.2805268562814828,,,,,Matthew Stafford,Russell Wilson,213.26290477736868,163.0608577974189,19.60808131825223,-2.082671995539979,0.7218544869122633,0.2781455130877367,,,"","",,,,,77,45,61
2021-12-19,2021,0,,TB,NO,1623.83231642874,1619.62566938892,0.5982996936889269,0.4017003063110731,,,,,Tom Brady,Taysom Hill,252.71548988701025,68.40223076519942,18.726895716717895,-88.24520956141735,0.7244603593060212,0.27553964069397885,,,"","",,,,,75,72,74
2021-12-20,2021,0,,CHI,MIN,1442.2859609548,1515.7255522886,0.48785684004545127,0.5121431599545487,,,,,Justin Fields,Kirk Cousins,75.55469345947611,224.6416195955105,-24.48611264246697,14.090520262460092,0.4289303094897423,0.5710696905102577,,,"","",,,,,32,67,50
2021-12-23,2021,0,,TEN,SF,1647.29661281581,1470.32521949431,0.8010546977968884,0.19894530220311157,,,,,Ryan Tannehill,"",169.05499827605234,124.87229673608348,-9.846293009692266,-8.259772483807023,0.7732403935293041,0.22675960647069593,,,"","",,,,,73,53,63
2021-12-25,2021,0,,GB,CLE,1667.590758559,1522.69487178409,0.7699905505157671,0.23000944948423285,,,,,Aaron Rodgers,Baker Mayfield,217.5725530941897,126.84329565128067,-0.41567633435230955,-17.540583682734418,0.7326524601735347,0.2673475398264653,,,"","",,,,,84,74,79
2021-12-25,2021,0,,ARI,IND,1587.95002272423,1557.84616803864,0.633546507855105,0.366453492144895,,,,,Kyler Murray,Carson Wentz,212.09018224169984,141.85851465406301,12.402137551294581,1.1959287493401611,0.6692212313061361,0.3307787686938639,,,"","",,,,,81,68,75
2021-12-26,2021,0,,ATL,DET,1426.96429121325,1288.57912482984,0.763285818374939,0.23671418162506097,,,,,Matt Ryan,Jared Goff,162.98813825511027,114.48827445095436,-7.605184367437479,-23.90310910319706,0.7695254176565364,0.23047458234346363,,,"","",,,,,0,4,2
2021-12-26,2021,0,,HOU,LAC,1335.73689839942,1510.2775925929,0.34738200066882496,0.652617999331175,,,,,Tyrod Taylor,Justin Herbert,114.58577966746415,207.7470189157308,-53.484489408622146,9.08736929648825,0.2497235491328661,0.7502764508671339,,,"","",,,,,6,29,18
2021-12-26,2021,0,,MIN,LAR,1515.7255522886,1611.13114871346,0.45635419672358574,0.5436458032764142,,,,,Kirk Cousins,Matthew Stafford,224.6416195955105,213.26290477736868,14.090520262460092,19.60808131825223,0.4551507826135629,0.5448492173864371,,,"","",,,,,80,81,81
2021-12-26,2021,0,,CAR,TB,1482.89852339748,1623.83231642874,0.39242980158566054,0.6075701984143395,,,,,Cam Newton,Tom Brady,138.19209618227111,252.71548988701025,35.8474189727468,18.726895716717895,0.461972323456066,0.538027676543934,,,"","",,,,,81,87,84
2021-12-26,2021,0,,NE,BUF,1571.30368418591,1662.28283357526,0.4626825219934319,0.5373174780065681,,,,,Mac Jones,Josh Allen,130.00357906236886,251.98545680020214,0.26225028260640354,7.792785989441944,0.500964076568921,0.49903592343107905,,,"","",,,,,92,68,80
2021-12-26,2021,0,,CIN,BAL,1478.34471192819,1566.58827630152,0.46659963664749915,0.5334003633525009,,,,,Joe Burrow,Lamar Jackson,149.77644338865449,212.2378036088346,-0.008245856555970476,0.7683943080009882,0.4647013753817071,0.5352986246182929,,,"","",,,,,57,96,77
2021-12-26,2021,0,,PHI,NYG,1470.93083395544,1431.1774748233,0.6463443720013984,0.3536556279986016,,,,,Jalen Hurts,Daniel Jones,171.94303441735696,124.00358078816629,13.798963089420653,-5.019682856641872,0.6418512584640754,0.3581487415359246,,,"","",,,,,29,56,43
2021-12-26,2021,0,,NYJ,JAX,1321.97744969736,1309.73107466031,0.6093702530200243,0.39062974697997566,,,,,Zach Wilson,Trevor Lawrence,51.2265351661602,99.14285028673575,-31.305974164656835,-10.202500679181366,0.5698766053459734,0.4301233946540266,,,"","",,,,,0,1,1
2021-12-26,2021,0,,SEA,CHI,1512.51509170242,1442.2859609548,0.6853441138844831,0.31465588611551687,,,,,Russell Wilson,Justin Fields,163.0608577974189,75.55469345947611,-2.082671995539979,-24.48611264246697,0.7077579894750471,0.2922420105249529,,,"","",,,,,29,25,27
2021-12-26,2021,0,,KC,PIT,1638.52226580112,1522.94076439828,0.7387555810054357,0.2612444189945643,,,,,Patrick Mahomes,Ben Roethlisberger,237.61989838756784,173.07192003210218,1.4287484485906488,-10.249067723457758,0.7388301689130831,0.26116983108691694,,,"","",,,,,76,77,77
2021-12-26,2021,0,,OAK,DEN,1472.2791345046,1448.92582813554,0.6244788143611028,0.37552118563889725,,,,,Derek Carr,Teddy Bridgewater,191.2759854047968,138.01327083627962,2.673353245300657,-3.298846726531943,0.5763153928958137,0.4236846071041863,,,"","",,,,,29,88,59
2021-12-26,2021,0,,DAL,WSH,1544.70972730843,1436.4802704871,0.7305055263971538,0.2694944736028462,,,,,Dak Prescott,Ryan Fitzpatrick,254.61345332178064,171.22720289055349,24.26472426686189,13.814708113583539,0.7301654992958101,0.2698345007041899,,,"","",,,,,71,46,59
2021-12-27,2021,0,,NO,MIA,1619.62566938892,1460.39912537534,0.7842744025112115,0.2157255974887885,,,,,Taysom Hill,Tua Tagovailoa,68.40223076519942,138.89415210870075,-88.24520956141735,9.911427003986304,0.6252714664524622,0.37472853354753777,,,"","",,,,,41,50,46
2022-01-02,2021,0,,WSH,PHI,1436.4802704871,1470.93083395544,0.5438512210714621,0.4561487789285379,,,,,Ryan Fitzpatrick,Jalen Hurts,171.22720289055349,171.94303441735696,13.814708113583539,13.798963089420653,0.5892040679491657,0.4107959320508343,,,"","",,,,,42,76,59
2022-01-02,2021,0,,IND,OAK,1557.84616803864,1472.2791345046,0.7040655566169404,0.29593444338305963,,,,,Carson Wentz,Derek Carr,141.85851465406301,191.2759854047968,1.1959287493401611,2.673353245300657,0.6930176872574274,0.3069823127425726,,,"","",,,,,48,95,72
2022-01-02,2021,0,,CIN,KC,1478.34471192819,1638.52226580112,0.3663550023685991,0.6336449976314009,,,,,Joe Burrow,Patrick Mahomes,149.77644338865449,237.61989838756784,-0.008245856555970476,1.4287484485906488,0.3787345970452498,0.6212654029547502,,,"","",,,,,71,88,80
2022-01-02,2021,0,,NO,CAR,1619.62566938892,1482.89852339748,0.7615570116734298,0.23844298832657018,,,,,Taysom Hill,Cam Newton,68.40223076519942,138.19209618227111,-88.24520956141735,35.8474189727468,0.543206197467977,0.45679380253202295,,,"","",,,,,56,99,78
2022-01-02,2021,0,,DAL,ARI,1544.70972730843,1587.95002272423,0.5312738527767092,0.46872614722329076,,,,,Dak Prescott,Kyler Murray,254.61345332178064,212.09018224169984,24.26472426686189,12.402137551294581,0.5887881100674393,0.41121188993256075,,,"","",,,,,90,91,91
2022-01-02,2021,0,,NE,JAX,1571.30368418591,1309.73107466031,0.8675999908947778,0.1324000091052222,,,,,Mac Jones,Trevor Lawrence,130.00357906236886,99.14285028673575,0.26225028260640354,-10.202500679181366,0.8674127163315923,0.13258728366840766,,,"","",,,,,18,15,17
2022-01-02,2021,0,,CHI,NYG,1442.2859609548,1431.1774748233,0.6078099397277678,0.39219006027223224,,,,,Justin Fields,Daniel Jones,75.55469345947611,124.00358078816629,-24.48611264246697,-5.019682856641872,0.5511914553554074,0.44880854464459263,,,"","",,,,,15,15,15
2022-01-02,2021,0,,BUF,ATL,1662.28283357526,1426.96429121325,0.8492553418119368,0.15074465818806315,,,,,Josh Allen,Matt Ryan,251.98545680020214,162.98813825511027,7.792785989441944,-7.605184367437479,0.8436681381348949,0.15633186186510506,,,"","",,,,,54,16,35
2022-01-02,2021,0,,TEN,MIA,1647.29661281581,1460.39912537534,0.8100043589255548,0.18999564107444522,,,,,Ryan Tannehill,Tua Tagovailoa,169.05499827605234,138.89415210870075,-9.846293009692266,9.911427003986304,0.7760953968183844,0.22390460318161565,,,"","",,,,,71,43,57
2022-01-02,2021,0,,NYJ,TB,1321.97744969736,1623.83231642874,0.20368077317464808,0.796319226825352,,,,,Zach Wilson,Tom Brady,51.2265351661602,252.71548988701025,-31.305974164656835,18.726895716717895,0.19323878315395152,0.8067612168460485,,,"","",,,,,20,8,14
2022-01-02,2021,0,,LAC,DEN,1510.2775925929,1448.92582813554,0.6742211120878471,0.3257788879121529,,,,,Justin Herbert,Teddy Bridgewater,207.7470189157308,138.01327083627962,9.08736929648825,-3.298846726531943,0.6746258593106123,0.32537414068938775,,,"","",,,,,47,96,72
2022-01-02,2021,0,,SF,HOU,1470.32521949431,1335.73689839942,0.7593140945847493,0.2406859054152507,,,,,Jimmy Garoppolo,Tyrod Taylor,134.90004016713212,114.58577966746415,1.7679709472416156,-53.484489408622146,0.8247838573389644,0.17521614266103558,,,"","",,,,,3,6,5
2022-01-02,2021,0,,BAL,LAR,1566.58827630152,1611.13114871346,0.5294061982596443,0.4705938017403557,,,,,Lamar Jackson,Matthew Stafford,212.2378036088346,213.26290477736868,0.7683943080009882,19.60808131825223,0.5120823948708428,0.48791760512915716,,,"","",,,,,86,58,72
2022-01-02,2021,0,,SEA,DET,1512.51509170242,1288.57912482984,0.840673677466837,0.15932632253316303,,,,,Russell Wilson,Jared Goff,163.0608577974189,114.48827445095436,-2.082671995539979,-23.90310910319706,0.8632004075641506,0.13679959243584938,,,"","",,,,,2,4,3
2022-01-02,2021,0,,GB,MIN,1667.590758559,1515.7255522886,0.7770186952020435,0.22298130479795653,,,,,Aaron Rodgers,Kirk Cousins,217.5725530941897,224.6416195955105,-0.41567633435230955,14.090520262460092,0.7309655310959896,0.2690344689040104,,,"","",,,,,84,88,86
2022-01-03,2021,0,,PIT,CLE,1522.94076439828,1522.69487178409,0.5928079514310057,0.40719204856899427,,,,,Ben Roethlisberger,Baker Mayfield,173.07192003210218,126.84329565128067,-10.249067723457758,-17.540583682734418,0.5462505731497486,0.45374942685025144,,,"","",,,,,53,98,76
2022-01-09,2021,0,,NYG,WSH,1431.1774748233,1436.4802704871,0.5850755993456698,0.4149244006543302,,,,,Daniel Jones,Ryan Fitzpatrick,124.00358078816629,171.22720289055349,-5.019682856641872,13.814708113583539,0.5037194835342994,0.4962805164657006,,,"","",,,,,30,31,31
2022-01-09,2021,0,,BUF,NYJ,1662.28283357526,1321.97744969736,0.9115835599829776,0.08841644001702242,,,,,Josh Allen,Zach Wilson,251.98545680020214,51.2265351661602,7.792785989441944,-31.305974164656835,0.9036085232088665,0.09639147679113347,,,"","",,,,,25,5,15
2022-01-09,2021,0,,HOU,TEN,1335.73689839942,1647.29661281581,0.19476949315542916,0.8052305068445709,,,,,Tyrod Taylor,Ryan Tannehill,114.58577966746415,169.05499827605234,-53.484489408622146,-9.846293009692266,0.15844437297505767,0.8415556270249424,,,"","",,,,,17,17,17
2022-01-09,2021,0,,PHI,DAL,1470.93083395544,1544.70972730843,0.487368844926292,0.5126311550737079,,,,,Jalen Hurts,Dak Prescott,171.94303441735696,254.61345332178064,13.798963089420653,24.26472426686189,0.4144449385305545,0.5855550614694456,,,"","",,,,,69,78,74
2022-01-09,2021,0,,JAX,IND,1309.73107466031,1557.84616803864,0.2584394836768147,0.7415605163231853,,,,,Trevor Lawrence,Carson Wentz,99.14285028673575,141.85851465406301,-10.202500679181366,1.1959287493401611,0.27660134867044206,0.7233986513295579,,,"","",,,,,13,36,25
2022-01-09,2021,0,,BAL,PIT,1566.58827630152,1522.94076439828,0.6514514526406774,0.3485485473593226,,,,,Lamar Jackson,Ben Roethlisberger,212.2378036088346,173.07192003210218,0.7683943080009882,-10.249067723457758,0.6616240633426019,0.33837593665739807,,,"","",,,,,63,96,80
2022-01-09,2021,0,,DET,GB,1288.57912482984,1667.590758559,0.14092888961410072,0.8590711103858992,,,,,Jared Goff,Aaron Rodgers,114.48827445095436,217.5725530941897,-23.90310910319706,-0.41567633435230955,0.1281203330824457,0.8718796669175544,,,"","",,,,,13,10,12
2022-01-09,2021,0,,TB,CAR,1623.83231642874,1482.89852339748,0.7659263496552189,0.23407365034478111,,,,,Tom Brady,Cam Newton,252.71548988701025,138.19209618227111,18.726895716717895,35.8474189727468,0.6919259323561362,0.3080740676438638,,,"","",,,,,81,83,82
2022-01-09,2021,0,,ATL,NO,1426.96429121325,1619.62566938892,0.32412520548523527,0.6758747945147647,,,,,Matt Ryan,Taysom Hill,162.98813825511027,68.40223076519942,-7.605184367437479,-88.24520956141735,0.43986880251403626,0.5601311974859637,,,"","",,,,,23,87,55
2022-01-09,2021,0,,MIN,CHI,1515.7255522886,1442.2859609548,0.6893157569481564,0.3106842430518436,,,,,Kirk Cousins,Justin Fields,224.6416195955105,75.55469345947611,14.090520262460092,-24.48611264246697,0.7182526485826896,0.28174735141731044,,,"","",,,,,32,55,44
2022-01-09,2021,0,,CLE,CIN,1522.69487178409,1478.34471192819,0.6523693038057854,0.3476306961942146,,,,,Baker Mayfield,Joe Burrow,126.84329565128067,149.77644338865449,-17.540583682734418,-0.008245856555970476,0.6396505697164018,0.3603494302835982,,,"","",,,,,48,97,73
2022-01-09,2021,0,,MIA,NE,1460.39912537534,1571.30368418591,0.4343197729011558,0.5656802270988441,,,,,Tua Tagovailoa,Mac Jones,138.89415210870075,130.00357906236886,9.911427003986304,0.26225028260640354,0.4258640480443949,0.5741359519556051,,,"","",,,,,61,62,62
2022-01-09,2021,0,,ARI,SEA,1587.95002272423,1512.51509170242,0.6917702502989375,0.30822974970106254,,,,,Kyler Murray,Russell Wilson,212.09018224169984,163.0608577974189,12.402137551294581,-2.082671995539979,0.7061403866605077,0.2938596133394923,,,"","",,,,,74,58,66
2022-01-09,2021,0,,DEN,KC,1448.92582813554,1638.52226580112,0.32800220022201,0.67199779977799,,,,,Teddy Bridgewater,Patrick Mahomes,138.01327083627962,237.61989838756784,-3.298846726531943,1.4287484485906488,0.35981137616433845,0.6401886238356616,,,"","",,,,,68,85,77
2022-01-09,2021,0,,OAK,LAC,1472.2791345046,1510.2775925929,0.5387802976985863,0.46121970230141374,,,,,Derek Carr,Justin Herbert,191.2759854047968,207.7470189157308,2.673353245300657,9.08736929648825,0.4764417066725758,0.5235582933274242,,,"","",,,,,46,95,71
2022-01-09,2021,0,,LAR,SF,1611.13114871346,1470.32521949431,0.7657943636517268,0.23420563634827318,,,,,Matthew Stafford,Jimmy Garoppolo,213.26290477736868,134.90004016713212,19.60808131825223,1.7679709472416156,0.7420159208331882,0.25798407916681176,,,"","",,,,,72,48,60
